,Name,Pass_pattern,n_passes,Count
1,acheson2015,control_group_t_test_between_cue_type_types_during_acquisition;extinction_block_1_t_test;extinction_block_2_t_test,3,746
2,acheson2015,control_group_t_test_between_cue_type_types_during_acquisition;extinction_block_1_t_test,2,42
3,acheson2015,acquisition_ANOVA_group_x_cue_type_interaction;control_group_t_test_between_cue_type_types_during_acquisition;extinction_block_1_t_test;extinction_block_2_t_test,4,40
4,acheson2015,control_group_t_test_between_cue_type_types_during_acquisition;extinction_block_3_t_test;extinction_block_1_t_test;extinction_block_2_t_test,4,39
5,acheson2015,control_group_t_test_between_cue_type_types_during_acquisition;extinction_block_4_t_test;extinction_block_1_t_test;extinction_block_2_t_test,4,37
6,acheson2015,control_group_t_test_between_cue_type_types_during_acquisition;extinction_block_2_t_test,2,27
7,acheson2015,extinction_ANOVA_group_main_effect;control_group_t_test_between_cue_type_types_during_acquisition;extinction_block_1_t_test;extinction_block_2_t_test,4,12
8,acheson2015,extinction_ANOVA_group_main_effect;control_group_t_test_between_cue_type_types_during_acquisition;extinction_block_3_t_test;extinction_block_1_t_test;extinction_block_2_t_test,5,9
9,acheson2015,extinction_ANOVA_group_main_effect;control_group_t_test_between_cue_type_types_during_acquisition;extinction_block_2_t_test,3,7
10,acheson2015,extinction_ANOVA_group_main_effect;control_group_t_test_between_cue_type_types_during_acquisition;extinction_block_1_t_test,3,6
11,acheson2015,extinction_ANOVA_group_main_effect;control_group_t_test_between_cue_type_types_during_acquisition,2,5
12,acheson2015,acquisition_ANOVA_group_x_cue_type_interaction;control_group_t_test_between_cue_type_types_during_acquisition;extinction_block_4_t_test;extinction_block_1_t_test;extinction_block_2_t_test,5,4
13,acheson2015,extinction_ANOVA_group_main_effect;control_group_t_test_between_cue_type_types_during_acquisition;extinction_block_4_t_test;extinction_block_1_t_test;extinction_block_2_t_test,5,3
14,acheson2015,acquisition_ANOVA_group_x_cue_type_interaction;control_group_t_test_between_cue_type_types_during_acquisition;extinction_block_2_t_test,3,2
15,acheson2015,control_group_t_test_between_cue_type_types_during_acquisition;extinction_block_3_t_test;extinction_block_2_t_test,3,2
16,acheson2015,control_group_t_test_between_cue_type_types_during_acquisition;extinction_block_3_t_test;extinction_block_4_t_test;extinction_block_1_t_test;extinction_block_2_t_test,5,2
17,acheson2015,control_group_t_test_between_cue_type_types_during_acquisition;extinction_block_4_t_test;extinction_block_1_t_test,3,2
18,acheson2015,acquisition_ANOVA_group_x_cue_type_interaction;control_group_t_test_between_cue_type_types_during_acquisition;extinction_block_1_t_test,3,1
19,acheson2015,acquisition_ANOVA_group_x_cue_type_interaction;control_group_t_test_between_cue_type_types_during_acquisition;extinction_block_3_t_test;extinction_block_1_t_test;extinction_block_2_t_test,5,1
20,acheson2015,acquisition_ANOVA_group_x_cue_type_interaction;extinction_ANOVA_group_main_effect;control_group_t_test_between_cue_type_types_during_acquisition;extinction_block_1_t_test,4,1
21,acheson2015,acquisition_ANOVA_group_x_cue_type_interaction;extinction_ANOVA_group_main_effect;control_group_t_test_between_cue_type_types_during_acquisition;extinction_block_1_t_test;extinction_block_2_t_test,5,1
22,acheson2015,acquisition_ANOVA_group_x_cue_type_interaction;extinction_ANOVA_group_main_effect;control_group_t_test_between_cue_type_types_during_acquisition;extinction_block_2_t_test,4,1
23,acheson2015,acquisition_ANOVA_group_x_cue_type_interaction;extinction_ANOVA_group_main_effect;control_group_t_test_between_cue_type_types_during_acquisition;extinction_block_3_t_test;extinction_block_1_t_test,5,1
24,acheson2015,acquisition_ANOVA_group_x_cue_type_interaction;extinction_ANOVA_group_main_effect;control_group_t_test_between_cue_type_types_during_acquisition;extinction_block_3_t_test;extinction_block_4_t_test;extinction_block_2_t_test,6,1
25,acheson2015,acquisition_ANOVA_group_x_cue_type_interaction;extinction_ANOVA_group_main_effect;control_group_t_test_between_cue_type_types_during_acquisition;extinction_block_4_t_test;extinction_block_1_t_test;extinction_block_2_t_test,6,1
26,acheson2015,control_group_t_test_between_cue_type_types_during_acquisition,1,1
27,acheson2015,control_group_t_test_between_cue_type_types_during_acquisition;extinction_block_3_t_test;extinction_block_1_t_test,3,1
28,acheson2015,control_group_t_test_between_cue_type_types_during_acquisition;extinction_block_4_t_test;extinction_block_2_t_test,3,1
29,acheson2015,extinction_ANOVA_group_main_effect;control_group_t_test_between_cue_type_types_during_acquisition;extinction_block_3_t_test;extinction_block_4_t_test;extinction_block_1_t_test,5,1
30,acheson2015,extinction_ANOVA_group_main_effect;control_group_t_test_between_cue_type_types_during_acquisition;extinction_block_3_t_test;extinction_block_4_t_test;extinction_block_2_t_test,5,1
31,acheson2015,extinction_ANOVA_group_main_effect;control_group_t_test_between_cue_type_types_during_acquisition;extinction_block_4_t_test;extinction_block_1_t_test,4,1
32,acheson2015,extinction_ANOVA_group_main_effect;control_group_t_test_between_cue_type_types_during_acquisition;extinction_block_4_t_test;extinction_block_2_t_test,4,1
33,blechert2007,extinction_ANOVA_cue_type_main_effect;CS_minus_group_difference,2,321
34,blechert2007,extinction_ANOVA_group_main_effect;extinction_ANOVA_cue_type_main_effect;extinction_ANOVA_group_x_cue_type_interaction;CS_plus_group_difference;CS_minus_group_difference,5,232
35,blechert2007,extinction_ANOVA_cue_type_main_effect;extinction_ANOVA_group_x_cue_type_interaction;CS_plus_group_difference;CS_minus_group_difference,4,180
36,blechert2007,extinction_ANOVA_group_main_effect;extinction_ANOVA_cue_type_main_effect;CS_plus_group_difference;CS_minus_group_difference,4,95
37,blechert2007,extinction_ANOVA_cue_type_main_effect;CS_plus_group_difference;CS_minus_group_difference,3,48
38,blechert2007,extinction_ANOVA_cue_type_main_effect;extinction_ANOVA_group_x_cue_type_interaction;CS_minus_group_difference,3,47
39,blechert2007,extinction_ANOVA_cue_type_main_effect;extinction_ANOVA_group_x_cue_type_interaction;CS_plus_group_difference,3,20
40,blechert2007,extinction_ANOVA_cue_type_main_effect;extinction_ANOVA_group_x_cue_type_interaction,2,18
41,blechert2007,extinction_ANOVA_group_main_effect;extinction_ANOVA_cue_type_main_effect;CS_minus_group_difference,3,18
42,blechert2007,extinction_ANOVA_group_main_effect;extinction_ANOVA_cue_type_main_effect;CS_plus_group_difference,3,8
43,blechert2007,extinction_ANOVA_cue_type_main_effect,1,7
44,blechert2007,extinction_ANOVA_group_main_effect;extinction_ANOVA_cue_type_main_effect,2,4
45,blechert2007,extinction_ANOVA_group_main_effect;extinction_ANOVA_cue_type_main_effect;extinction_ANOVA_group_x_cue_type_interaction;CS_plus_group_difference,4,2
46,burriss2006,extinction_ANOVA_block_main_effect;acquistion_ANOVA_group_x_block_interaction,2,276
47,burriss2006,extinction_ANOVA_block_main_effect;acquistion_ANOVA_group_x_block_interaction;extinction_ANOVA_group_x_block_interaction,3,125
48,burriss2006,acquistion_ANOVA_group_x_block_interaction;extinction_ANOVA_group_x_block_interaction;extinction_ANOVA_cue_type_x_block_interaction,3,102
49,burriss2006,acquistion_ANOVA_group_x_block_interaction;extinction_ANOVA_group_x_block_interaction,2,100
50,burriss2006,acquistion_ANOVA_group_x_block_interaction,1,94
51,burriss2006,extinction_ANOVA_block_main_effect;acquistion_ANOVA_group_x_block_interaction;extinction_ANOVA_cue_type_x_block_interaction,3,93
52,burriss2006,extinction_ANOVA_block_main_effect;acquistion_ANOVA_group_x_block_interaction;extinction_ANOVA_group_x_block_interaction;extinction_ANOVA_cue_type_x_block_interaction,4,93
53,burriss2006,acquistion_ANOVA_group_x_block_interaction;extinction_ANOVA_cue_type_x_block_interaction,2,62
54,burriss2006,extinction_ANOVA_block_main_effect;extinction_ANOVA_cue_type_x_block_interaction,2,15
55,burriss2006,extinction_ANOVA_block_main_effect,1,14
56,burriss2006,,NA,9
57,burriss2006,extinction_ANOVA_group_x_block_interaction;extinction_ANOVA_cue_type_x_block_interaction,2,8
58,burriss2006,extinction_ANOVA_block_main_effect;extinction_ANOVA_group_x_block_interaction;extinction_ANOVA_cue_type_x_block_interaction,3,4
59,burriss2006,extinction_ANOVA_group_x_block_interaction,1,3
60,burriss2006,extinction_ANOVA_block_main_effect;extinction_ANOVA_group_x_block_interaction,2,2
61,felmingham2018,early_extinction_ANOVA_cue_type_main_effect;early_extinction_ANOVA_trial_number_main_effect;late_extinction_ANOVA_trial_number_main_effect;late_extinction_ANOVA_group_x_trial_interaction,4,488
62,felmingham2018,early_extinction_ANOVA_cue_type_main_effect;early_extinction_ANOVA_trial_number_main_effect;late_extinction_ANOVA_group_x_trial_interaction,3,346
63,felmingham2018,early_extinction_ANOVA_cue_type_main_effect;early_extinction_ANOVA_trial_number_main_effect;late_extinction_ANOVA_trial_number_main_effect,3,35
64,felmingham2018,early_extinction_ANOVA_cue_type_main_effect;early_extinction_ANOVA_trial_number_main_effect;early_extinction_ANOVA_group_x_trial_interaction;late_extinction_ANOVA_trial_number_main_effect;late_extinction_ANOVA_group_x_trial_interaction,5,33
65,felmingham2018,early_extinction_ANOVA_cue_type_main_effect;early_extinction_ANOVA_trial_number_main_effect;late_extinction_ANOVA_trial_number_main_effect;late_extinction_ANOVA_group_x_trial_interaction;late_extinction_ANOVA_stimulu_main_effects,5,28
66,felmingham2018,early_extinction_ANOVA_cue_type_main_effect;early_extinction_ANOVA_trial_number_main_effect;early_extinction_ANOVA_group_x_trial_interaction;late_extinction_ANOVA_group_x_trial_interaction,4,26
67,felmingham2018,early_extinction_ANOVA_cue_type_main_effect;early_extinction_ANOVA_trial_number_main_effect,2,24
68,felmingham2018,early_extinction_ANOVA_cue_type_main_effect;early_extinction_ANOVA_trial_number_main_effect;late_extinction_ANOVA_group_x_trial_interaction;late_extinction_ANOVA_stimulu_main_effects,4,12
69,felmingham2018,early_extinction_ANOVA_cue_type_main_effect;early_extinction_ANOVA_trial_number_main_effect;early_extinction_ANOVA_group_x_trial_interaction;late_extinction_ANOVA_group_x_trial_interaction;late_extinction_ANOVA_stimulu_main_effects,5,2
70,felmingham2018,early_extinction_ANOVA_cue_type_main_effect;early_extinction_ANOVA_trial_number_main_effect;early_extinction_ANOVA_group_x_trial_interaction;late_extinction_ANOVA_trial_number_main_effect,4,2
71,felmingham2018,early_extinction_ANOVA_cue_type_main_effect;early_extinction_ANOVA_trial_number_main_effect;early_extinction_ANOVA_group_x_trial_interaction,3,1
72,felmingham2018,early_extinction_ANOVA_cue_type_main_effect;early_extinction_ANOVA_trial_number_main_effect;early_extinction_ANOVA_group_x_trial_interaction;late_extinction_ANOVA_trial_number_main_effect;late_extinction_ANOVA_group_x_trial_interaction;late_extinction_ANOVA_stimulu_main_effects,6,1
73,felmingham2018,early_extinction_ANOVA_cue_type_main_effect;early_extinction_ANOVA_trial_number_main_effect;late_extinction_ANOVA_stimulu_main_effects,3,1
74,felmingham2018,early_extinction_ANOVA_cue_type_main_effect;early_extinction_ANOVA_trial_number_main_effect;late_extinction_ANOVA_trial_number_main_effect;late_extinction_ANOVA_stimulu_main_effects,4,1
75,garfinkel2014,extinction_ANOVA_group_main_effect;control_t_test_between_stimuli_in_extinction;PTSD_t_test_between_stimuli_in_extinction;control_t_test_between_stimuli_in_recall;PTSD_t_test_between_stimuli_in_renewal,5,645
76,garfinkel2014,control_t_test_between_stimuli_in_extinction;PTSD_t_test_between_stimuli_in_extinction;control_t_test_between_stimuli_in_recall;PTSD_t_test_between_stimuli_in_renewal,4,58
77,garfinkel2014,extinction_ANOVA_group_main_effect;control_t_test_between_stimuli_in_extinction;control_t_test_between_stimuli_in_recall;PTSD_t_test_between_stimuli_in_renewal,4,35
78,garfinkel2014,extinction_ANOVA_group_main_effect;PTSD_t_test_between_stimuli_in_extinction;control_t_test_between_stimuli_in_recall;PTSD_t_test_between_stimuli_in_renewal,4,33
79,garfinkel2014,extinction_ANOVA_group_main_effect;control_t_test_between_stimuli_in_extinction;PTSD_t_test_between_stimuli_in_extinction;PTSD_t_test_between_stimuli_in_renewal,4,29
80,garfinkel2014,extinction_ANOVA_group_main_effect;control_t_test_between_stimuli_in_extinction;PTSD_t_test_between_stimuli_in_extinction;control_t_test_between_stimuli_in_renewal;control_t_test_between_stimuli_in_recall;PTSD_t_test_between_stimuli_in_renewal,6,22
81,garfinkel2014,extinction_ANOVA_group_main_effect;control_t_test_between_stimuli_in_extinction;PTSD_t_test_between_stimuli_in_extinction;control_t_test_between_stimuli_in_recall,4,21
82,garfinkel2014,extinction_ANOVA_group_main_effect;control_t_test_between_stimuli_in_extinction;PTSD_t_test_between_stimuli_in_extinction;recall_ANOVA_group_x_cue_type_interaction;control_t_test_between_stimuli_in_recall;PTSD_t_test_between_stimuli_in_renewal,6,19
83,garfinkel2014,extinction_ANOVA_group_main_effect;control_t_test_between_stimuli_in_extinction;PTSD_t_test_between_stimuli_in_extinction;renewal_ANOVA_group_x_cue_type_interaction;t_test_between_groups_in_renewal;control_t_test_between_stimuli_in_recall,6,16
84,garfinkel2014,extinction_ANOVA_group_main_effect;control_t_test_between_stimuli_in_extinction;PTSD_t_test_between_stimuli_in_extinction;recall_ANOVA_group_x_cue_type_interaction;PTSD_t_test_between_stimuli_in_recall;control_t_test_between_stimuli_in_recall;PTSD_t_test_between_stimuli_in_renewal,7,15
85,garfinkel2014,extinction_ANOVA_group_main_effect;control_t_test_between_stimuli_in_extinction;PTSD_t_test_between_stimuli_in_extinction;PTSD_t_test_between_stimuli_in_recall;control_t_test_between_stimuli_in_recall;PTSD_t_test_between_stimuli_in_renewal,6,13
86,garfinkel2014,extinction_ANOVA_group_main_effect;control_t_test_between_stimuli_in_extinction;PTSD_t_test_between_stimuli_in_extinction;renewal_ANOVA_group_x_cue_type_interaction;control_t_test_between_stimuli_in_renewal;t_test_between_groups_in_renewal;control_t_test_between_stimuli_in_recall;PTSD_t_test_between_stimuli_in_renewal,8,13
87,garfinkel2014,extinction_ANOVA_group_main_effect;control_t_test_between_stimuli_in_extinction;PTSD_t_test_between_stimuli_in_extinction;renewal_ANOVA_group_x_cue_type_interaction;t_test_between_groups_in_renewal;control_t_test_between_stimuli_in_recall;PTSD_t_test_between_stimuli_in_renewal,7,11
88,garfinkel2014,extinction_ANOVA_group_main_effect;control_t_test_between_stimuli_in_extinction;PTSD_t_test_between_stimuli_in_extinction;recall_ANOVA_group_x_cue_type_interaction;PTSD_t_test_between_stimuli_in_renewal,5,8
89,garfinkel2014,control_t_test_between_stimuli_in_extinction;PTSD_t_test_between_stimuli_in_extinction;PTSD_t_test_between_stimuli_in_renewal,3,6
90,garfinkel2014,control_t_test_between_stimuli_in_extinction;PTSD_t_test_between_stimuli_in_extinction;recall_ANOVA_group_x_cue_type_interaction;PTSD_t_test_between_stimuli_in_renewal,4,3
91,garfinkel2014,extinction_ANOVA_group_main_effect;control_t_test_between_stimuli_in_extinction;PTSD_t_test_between_stimuli_in_extinction,3,3
92,garfinkel2014,extinction_ANOVA_group_main_effect;control_t_test_between_stimuli_in_extinction;PTSD_t_test_between_stimuli_in_extinction;recall_ANOVA_group_x_cue_type_interaction;PTSD_t_test_between_stimuli_in_recall;control_t_test_between_stimuli_in_renewal;control_t_test_between_stimuli_in_recall;PTSD_t_test_between_stimuli_in_renewal,8,3
93,garfinkel2014,PTSD_t_test_between_stimuli_in_extinction;control_t_test_between_stimuli_in_recall;PTSD_t_test_between_stimuli_in_renewal,3,3
94,garfinkel2014,control_t_test_between_stimuli_in_extinction;PTSD_t_test_between_stimuli_in_extinction;control_t_test_between_stimuli_in_recall,3,2
95,garfinkel2014,control_t_test_between_stimuli_in_extinction;PTSD_t_test_between_stimuli_in_extinction;PTSD_t_test_between_stimuli_in_recall;control_t_test_between_stimuli_in_recall;PTSD_t_test_between_stimuli_in_renewal,5,2
96,garfinkel2014,control_t_test_between_stimuli_in_extinction;PTSD_t_test_between_stimuli_in_extinction;renewal_ANOVA_group_x_cue_type_interaction;t_test_between_groups_in_renewal;control_t_test_between_stimuli_in_recall,5,2
97,garfinkel2014,extinction_ANOVA_group_main_effect;control_t_test_between_stimuli_in_extinction;control_t_test_between_stimuli_in_recall,3,2
98,garfinkel2014,extinction_ANOVA_group_main_effect;control_t_test_between_stimuli_in_extinction;PTSD_t_test_between_stimuli_in_extinction;renewal_ANOVA_group_x_cue_type_interaction;PTSD_t_test_between_stimuli_in_recall;control_t_test_between_stimuli_in_renewal;t_test_between_groups_in_renewal;control_t_test_between_stimuli_in_recall;PTSD_t_test_between_stimuli_in_renewal,9,2
99,garfinkel2014,extinction_ANOVA_group_main_effect;control_t_test_between_stimuli_in_extinction;PTSD_t_test_between_stimuli_in_renewal,3,2
100,garfinkel2014,extinction_ANOVA_group_main_effect;control_t_test_between_stimuli_in_extinction;recall_ANOVA_group_x_cue_type_interaction;control_t_test_between_stimuli_in_recall;PTSD_t_test_between_stimuli_in_renewal,5,2
101,garfinkel2014,extinction_ANOVA_group_main_effect;control_t_test_between_stimuli_in_extinction;recall_ANOVA_group_x_cue_type_interaction;PTSD_t_test_between_stimuli_in_renewal,4,2
102,garfinkel2014,extinction_ANOVA_group_main_effect;control_t_test_between_stimuli_in_extinction;renewal_ANOVA_group_x_cue_type_interaction;control_t_test_between_stimuli_in_renewal;t_test_between_groups_in_renewal;control_t_test_between_stimuli_in_recall;PTSD_t_test_between_stimuli_in_renewal,7,2
103,garfinkel2014,extinction_ANOVA_group_main_effect;control_t_test_between_stimuli_in_recall;PTSD_t_test_between_stimuli_in_renewal,3,2
104,garfinkel2014,extinction_ANOVA_group_main_effect;PTSD_t_test_between_stimuli_in_extinction;control_t_test_between_stimuli_in_recall,3,2
105,garfinkel2014,extinction_ANOVA_group_main_effect;PTSD_t_test_between_stimuli_in_extinction;renewal_ANOVA_group_x_cue_type_interaction;t_test_between_groups_in_renewal;control_t_test_between_stimuli_in_recall;PTSD_t_test_between_stimuli_in_renewal,6,2
106,garfinkel2014,control_t_test_between_stimuli_in_extinction;control_t_test_between_stimuli_in_recall;PTSD_t_test_between_stimuli_in_renewal,3,1
107,garfinkel2014,control_t_test_between_stimuli_in_extinction;PTSD_t_test_between_stimuli_in_extinction;recall_ANOVA_group_x_cue_type_interaction;control_t_test_between_stimuli_in_recall;PTSD_t_test_between_stimuli_in_renewal,5,1
108,garfinkel2014,control_t_test_between_stimuli_in_extinction;PTSD_t_test_between_stimuli_in_extinction;recall_ANOVA_group_x_cue_type_interaction;PTSD_t_test_between_stimuli_in_recall;control_t_test_between_stimuli_in_recall;PTSD_t_test_between_stimuli_in_renewal,6,1
109,garfinkel2014,control_t_test_between_stimuli_in_extinction;PTSD_t_test_between_stimuli_in_extinction;renewal_ANOVA_group_x_cue_type_interaction;t_test_between_groups_in_renewal;control_t_test_between_stimuli_in_recall;PTSD_t_test_between_stimuli_in_renewal,6,1
110,garfinkel2014,control_t_test_between_stimuli_in_extinction;PTSD_t_test_between_stimuli_in_recall;control_t_test_between_stimuli_in_recall;PTSD_t_test_between_stimuli_in_renewal,4,1
111,garfinkel2014,extinction_ANOVA_group_main_effect;control_t_test_between_stimuli_in_extinction;control_t_test_between_stimuli_in_renewal;control_t_test_between_stimuli_in_recall;PTSD_t_test_between_stimuli_in_renewal,5,1
112,garfinkel2014,extinction_ANOVA_group_main_effect;control_t_test_between_stimuli_in_extinction;PTSD_t_test_between_stimuli_in_extinction;control_t_test_between_stimuli_in_renewal;PTSD_t_test_between_stimuli_in_renewal,5,1
113,garfinkel2014,extinction_ANOVA_group_main_effect;control_t_test_between_stimuli_in_extinction;PTSD_t_test_between_stimuli_in_extinction;PTSD_t_test_between_stimuli_in_recall;PTSD_t_test_between_stimuli_in_renewal,5,1
114,garfinkel2014,extinction_ANOVA_group_main_effect;control_t_test_between_stimuli_in_extinction;PTSD_t_test_between_stimuli_in_extinction;recall_ANOVA_group_x_cue_type_interaction,4,1
115,garfinkel2014,extinction_ANOVA_group_main_effect;control_t_test_between_stimuli_in_extinction;PTSD_t_test_between_stimuli_in_extinction;recall_ANOVA_group_x_cue_type_interaction;control_t_test_between_stimuli_in_renewal;PTSD_t_test_between_stimuli_in_renewal,6,1
116,garfinkel2014,extinction_ANOVA_group_main_effect;control_t_test_between_stimuli_in_extinction;PTSD_t_test_between_stimuli_in_extinction;recall_ANOVA_group_x_cue_type_interaction;PTSD_t_test_between_stimuli_in_recall;PTSD_t_test_between_stimuli_in_renewal,6,1
117,garfinkel2014,extinction_ANOVA_group_main_effect;control_t_test_between_stimuli_in_extinction;PTSD_t_test_between_stimuli_in_extinction;recall_ANOVA_group_x_cue_type_interaction;renewal_ANOVA_group_x_cue_type_interaction;PTSD_t_test_between_stimuli_in_recall;t_test_between_groups_in_renewal;control_t_test_between_stimuli_in_recall;PTSD_t_test_between_stimuli_in_renewal,9,1
118,garfinkel2014,extinction_ANOVA_group_main_effect;control_t_test_between_stimuli_in_extinction;PTSD_t_test_between_stimuli_in_extinction;renewal_ANOVA_group_x_cue_type_interaction;control_t_test_between_stimuli_in_renewal;t_test_between_groups_in_renewal;control_t_test_between_stimuli_in_recall,7,1
119,garfinkel2014,extinction_ANOVA_group_main_effect;control_t_test_between_stimuli_in_extinction;PTSD_t_test_between_stimuli_in_extinction;renewal_ANOVA_group_x_cue_type_interaction;PTSD_t_test_between_stimuli_in_recall;t_test_between_groups_in_renewal;control_t_test_between_stimuli_in_recall,7,1
120,garfinkel2014,extinction_ANOVA_group_main_effect;control_t_test_between_stimuli_in_extinction;PTSD_t_test_between_stimuli_in_extinction;renewal_ANOVA_group_x_cue_type_interaction;PTSD_t_test_between_stimuli_in_recall;t_test_between_groups_in_renewal;control_t_test_between_stimuli_in_recall;PTSD_t_test_between_stimuli_in_renewal,8,1
121,garfinkel2014,extinction_ANOVA_group_main_effect;control_t_test_between_stimuli_in_extinction;PTSD_t_test_between_stimuli_in_extinction;renewal_ANOVA_group_x_cue_type_interaction;t_test_between_groups_in_renewal,5,1
122,garfinkel2014,extinction_ANOVA_group_main_effect;PTSD_t_test_between_stimuli_in_extinction;PTSD_t_test_between_stimuli_in_recall;control_t_test_between_stimuli_in_recall;PTSD_t_test_between_stimuli_in_renewal,5,1
123,garfinkel2014,extinction_ANOVA_group_main_effect;PTSD_t_test_between_stimuli_in_extinction;PTSD_t_test_between_stimuli_in_renewal,3,1
124,garfinkel2014,extinction_ANOVA_group_main_effect;PTSD_t_test_between_stimuli_in_extinction;recall_ANOVA_group_x_cue_type_interaction;PTSD_t_test_between_stimuli_in_renewal,4,1
125,garfinkel2014,PTSD_t_test_between_stimuli_in_extinction;recall_ANOVA_group_x_cue_type_interaction;control_t_test_between_stimuli_in_recall;PTSD_t_test_between_stimuli_in_renewal,4,1
126,grillon1999,control_group_effect_of_cue_type_in_acquisition;control_group_effect_of_cue_type_in_extinction;acquisition_ANOVA_group_x_cue_type_interaction,3,810
127,grillon1999,control_group_effect_of_cue_type_in_acquisition;control_group_effect_of_cue_type_in_extinction;extinction_ANOVA_group_x_cue_type_interaction;acquisition_ANOVA_group_x_cue_type_interaction,4,140
128,grillon1999,control_group_effect_of_cue_type_in_acquisition;control_group_effect_of_cue_type_in_extinction,2,44
129,grillon1999,control_group_effect_of_cue_type_in_acquisition;control_group_effect_of_cue_type_in_extinction;extinction_ANOVA_group_x_cue_type_interaction,3,5
130,grillon1999,control_group_effect_of_cue_type_in_acquisition;extinction_ANOVA_group_x_cue_type_interaction;acquisition_ANOVA_group_x_cue_type_interaction,3,1
131,handy2018,,NA,957
132,handy2018,extinction_group_effect_on_regression,1,43
133,jovanovic2013,control_acquistion_cue_type_main_effect;control_extinction_cue_type_main_effect,2,525
134,jovanovic2013,control_extinction_cue_type_main_effect,1,430
135,jovanovic2013,control_extinction_cue_type_main_effect;PTSD_acquistion_cue_type_main_effect,2,24
136,jovanovic2013,control_acquistion_cue_type_main_effect;control_extinction_cue_type_main_effect;PTSD_acquistion_cue_type_main_effect,3,21
137,milad2009,extinction_ANOVA_group_main_effect;extinction_ANOVA_cue_type_main_effect;extinction_ANOVA_group_x_cue_type_interaction,3,784
138,milad2009,extinction_ANOVA_group_main_effect;extinction_ANOVA_cue_type_main_effect;extinction_ANOVA_group_x_cue_type_interaction;recall_ANOVA_group_x_cue_type_interaction,4,58
139,milad2009,extinction_ANOVA_group_main_effect;extinction_ANOVA_group_x_cue_type_interaction,2,55
140,milad2009,extinction_ANOVA_cue_type_main_effect;extinction_ANOVA_group_x_cue_type_interaction,2,49
141,milad2009,extinction_ANOVA_group_main_effect;extinction_ANOVA_cue_type_main_effect,2,32
142,milad2009,extinction_ANOVA_group_x_cue_type_interaction,1,6
143,milad2009,extinction_ANOVA_cue_type_main_effect,1,4
144,milad2009,extinction_ANOVA_cue_type_main_effect;extinction_ANOVA_group_x_cue_type_interaction;recall_ANOVA_group_x_cue_type_interaction,3,4
145,milad2009,extinction_ANOVA_group_main_effect,1,3
146,milad2009,extinction_ANOVA_group_main_effect;extinction_ANOVA_group_x_cue_type_interaction;recall_ANOVA_group_x_cue_type_interaction,3,3
147,milad2009,extinction_ANOVA_cue_type_main_effect;recall_ANOVA_group_x_cue_type_interaction,2,1
148,milad2009,extinction_ANOVA_group_main_effect;extinction_ANOVA_cue_type_main_effect;recall_ANOVA_group_x_cue_type_interaction,3,1
149,norrholm2011,extinction_ANOVA_group_main_effect;extinction_block_1_t_test;acquisition_ANOVA_group_main_effect;CS_minus_group_difference;extinction_block_3_t_test,5,698
150,norrholm2011,extinction_block_1_t_test;acquisition_ANOVA_group_main_effect;CS_minus_group_difference;extinction_block_3_t_test,4,88
151,norrholm2011,extinction_ANOVA_group_main_effect;extinction_block_1_t_test;extinction_block_2_t_test;acquisition_ANOVA_group_main_effect;CS_minus_group_difference;extinction_block_3_t_test,6,70
152,norrholm2011,extinction_ANOVA_group_main_effect;extinction_block_1_t_test;acquisition_ANOVA_group_main_effect;CS_minus_group_difference,4,32
153,norrholm2011,extinction_ANOVA_group_main_effect;extinction_block_1_t_test;CS_minus_group_difference;extinction_block_3_t_test,4,32
154,norrholm2011,extinction_ANOVA_group_main_effect;extinction_block_1_t_test;acquisition_ANOVA_group_main_effect;extinction_block_3_t_test,4,24
155,norrholm2011,extinction_block_1_t_test;acquisition_ANOVA_group_main_effect;extinction_block_3_t_test,3,15
156,norrholm2011,extinction_block_1_t_test;acquisition_ANOVA_group_main_effect;CS_minus_group_difference,3,9
157,norrholm2011,extinction_ANOVA_group_main_effect;extinction_block_1_t_test;extinction_block_2_t_test;acquisition_ANOVA_group_main_effect;CS_minus_group_difference,5,7
158,norrholm2011,extinction_ANOVA_group_main_effect;extinction_block_1_t_test;extinction_block_2_t_test;CS_minus_group_difference;extinction_block_3_t_test,5,5
159,norrholm2011,extinction_ANOVA_group_main_effect;extinction_block_1_t_test;extinction_block_3_t_test,3,4
160,norrholm2011,extinction_block_1_t_test;extinction_block_2_t_test;acquisition_ANOVA_group_main_effect;CS_minus_group_difference;extinction_block_3_t_test,5,4
161,norrholm2011,extinction_block_1_t_test;CS_minus_group_difference;extinction_block_3_t_test,3,3
162,norrholm2011,extinction_ANOVA_group_main_effect;extinction_block_1_t_test;CS_minus_group_difference,3,2
163,norrholm2011,extinction_block_1_t_test;acquisition_ANOVA_group_main_effect,2,2
164,norrholm2011,extinction_ANOVA_group_main_effect;extinction_block_1_t_test;acquisition_ANOVA_group_main_effect,3,1
165,norrholm2011,extinction_ANOVA_group_main_effect;extinction_block_1_t_test;extinction_block_2_t_test;acquisition_ANOVA_group_main_effect;extinction_block_3_t_test,5,1
166,norrholm2011,extinction_ANOVA_group_main_effect;extinction_block_1_t_test;extinction_block_2_t_test;CS_minus_group_difference,4,1
167,norrholm2011,extinction_block_1_t_test;extinction_block_2_t_test;acquisition_ANOVA_group_main_effect;extinction_block_3_t_test,4,1
168,norrholm2011,extinction_block_1_t_test;extinction_block_3_t_test,2,1
169,norrholm2015,early_extinction_t_test_between_groups;late_extinction_t_test_between_groups,2,869
170,norrholm2015,early_extinction_t_test_between_groups;middle_extinction_t_test_between_groups;late_extinction_t_test_between_groups,3,73
171,norrholm2015,early_extinction_t_test_between_groups,1,54
172,norrholm2015,early_extinction_t_test_between_groups;middle_extinction_t_test_between_groups,2,3
173,norrholm2015,late_extinction_t_test_between_groups,1,1
174,pineles2016,group_effect_on_regression_for_initial_fear_change;group_effect_on_regression_for_late_fear_change,2,888
175,pineles2016,group_effect_on_regression_for_late_fear_change,1,59
176,pineles2016,group_effect_on_regression_for_initial_fear_change,1,42
177,pineles2016,,NA,6
178,pineles2016,group_effect_on_regression_for_initial_fear_change;group_effect_on_regression_for_late_fear_change;group_effect_on_regression_for_fear_recall,3,3
179,pineles2016,group_effect_on_regression_for_initial_fear_change;group_effect_on_regression_for_fear_recall,2,1
180,pineles2016,group_effect_on_regression_for_late_fear_change;group_effect_on_regression_for_fear_recall,2,1
181,pohlechen2020,acquisition_ANOVA_group_main_effect;acquisition_ANOVA_group_x_cue_type_interaction;extinction_ANOVA_group_main_effect;extinction_ANOVA_group_x_cue_type_interaction,4,381
182,pohlechen2020,acquisition_ANOVA_group_main_effect;acquisition_ANOVA_group_x_cue_type_interaction;extinction_ANOVA_group_main_effect;extinction_ANOVA_group_x_cue_type_interaction;recall_ANOVA_group_main_effect,5,142
183,pohlechen2020,acquisition_ANOVA_group_main_effect;acquisition_ANOVA_group_x_cue_type_interaction;extinction_ANOVA_group_main_effect;extinction_ANOVA_group_x_cue_type_interaction;recall_ANOVA_group_main_effect;recall_ANOVA_group_x_cue_type_interaction,6,127
184,pohlechen2020,acquisition_ANOVA_group_main_effect;acquisition_ANOVA_group_x_cue_type_interaction;extinction_ANOVA_group_main_effect;extinction_ANOVA_group_x_cue_type_interaction;recall_ANOVA_group_x_cue_type_interaction,5,126
185,pohlechen2020,acquisition_ANOVA_group_main_effect;acquisition_ANOVA_group_x_cue_type_interaction;extinction_ANOVA_group_main_effect,3,32
186,pohlechen2020,acquisition_ANOVA_group_main_effect;extinction_ANOVA_group_main_effect;extinction_ANOVA_group_x_cue_type_interaction,3,30
187,pohlechen2020,acquisition_ANOVA_group_main_effect;acquisition_ANOVA_group_x_cue_type_interaction;extinction_ANOVA_group_x_cue_type_interaction,3,25
188,pohlechen2020,acquisition_ANOVA_group_x_cue_type_interaction;extinction_ANOVA_group_main_effect;extinction_ANOVA_group_x_cue_type_interaction,3,21
189,pohlechen2020,acquisition_ANOVA_group_main_effect;acquisition_ANOVA_group_x_cue_type_interaction;extinction_ANOVA_group_main_effect;recall_ANOVA_group_x_cue_type_interaction,4,12
190,pohlechen2020,acquisition_ANOVA_group_main_effect;acquisition_ANOVA_group_x_cue_type_interaction;extinction_ANOVA_group_main_effect;recall_ANOVA_group_main_effect,4,11
191,pohlechen2020,acquisition_ANOVA_group_main_effect;acquisition_ANOVA_group_x_cue_type_interaction;extinction_ANOVA_group_x_cue_type_interaction;recall_ANOVA_group_main_effect;recall_ANOVA_group_x_cue_type_interaction,5,10
192,pohlechen2020,acquisition_ANOVA_group_x_cue_type_interaction;extinction_ANOVA_group_main_effect;extinction_ANOVA_group_x_cue_type_interaction;recall_ANOVA_group_main_effect,4,9
193,pohlechen2020,acquisition_ANOVA_group_main_effect;acquisition_ANOVA_group_x_cue_type_interaction;extinction_ANOVA_group_x_cue_type_interaction;recall_ANOVA_group_x_cue_type_interaction,4,8
194,pohlechen2020,acquisition_ANOVA_group_main_effect;acquisition_ANOVA_group_x_cue_type_interaction;extinction_ANOVA_group_x_cue_type_interaction;recall_ANOVA_group_main_effect,4,7
195,pohlechen2020,acquisition_ANOVA_group_main_effect;extinction_ANOVA_group_main_effect;extinction_ANOVA_group_x_cue_type_interaction;recall_ANOVA_group_main_effect;recall_ANOVA_group_x_cue_type_interaction,5,7
196,pohlechen2020,acquisition_ANOVA_group_main_effect;extinction_ANOVA_group_main_effect;extinction_ANOVA_group_x_cue_type_interaction;recall_ANOVA_group_x_cue_type_interaction,4,7
197,pohlechen2020,acquisition_ANOVA_group_x_cue_type_interaction;extinction_ANOVA_group_main_effect;extinction_ANOVA_group_x_cue_type_interaction;recall_ANOVA_group_x_cue_type_interaction,4,7
198,pohlechen2020,acquisition_ANOVA_group_main_effect;acquisition_ANOVA_group_x_cue_type_interaction,2,6
199,pohlechen2020,acquisition_ANOVA_group_main_effect;acquisition_ANOVA_group_x_cue_type_interaction;extinction_ANOVA_group_main_effect;recall_ANOVA_group_main_effect;recall_ANOVA_group_x_cue_type_interaction,5,4
200,pohlechen2020,acquisition_ANOVA_group_main_effect;acquisition_ANOVA_group_x_cue_type_interaction;recall_ANOVA_group_main_effect,3,4
201,pohlechen2020,acquisition_ANOVA_group_main_effect;extinction_ANOVA_group_main_effect;extinction_ANOVA_group_x_cue_type_interaction;recall_ANOVA_group_main_effect,4,4
202,pohlechen2020,acquisition_ANOVA_group_x_cue_type_interaction;extinction_ANOVA_group_main_effect;extinction_ANOVA_group_x_cue_type_interaction;recall_ANOVA_group_main_effect;recall_ANOVA_group_x_cue_type_interaction,5,4
203,pohlechen2020,extinction_ANOVA_group_main_effect;extinction_ANOVA_group_x_cue_type_interaction,2,3
204,pohlechen2020,acquisition_ANOVA_group_main_effect;extinction_ANOVA_group_main_effect;recall_ANOVA_group_x_cue_type_interaction,3,2
205,pohlechen2020,acquisition_ANOVA_group_x_cue_type_interaction;extinction_ANOVA_group_x_cue_type_interaction,2,2
206,pohlechen2020,extinction_ANOVA_group_main_effect;extinction_ANOVA_group_x_cue_type_interaction;recall_ANOVA_group_x_cue_type_interaction,3,2
207,pohlechen2020,acquisition_ANOVA_group_main_effect;extinction_ANOVA_group_main_effect,2,1
208,pohlechen2020,acquisition_ANOVA_group_main_effect;extinction_ANOVA_group_main_effect;recall_ANOVA_group_main_effect;recall_ANOVA_group_x_cue_type_interaction,4,1
209,pohlechen2020,acquisition_ANOVA_group_main_effect;extinction_ANOVA_group_x_cue_type_interaction;recall_ANOVA_group_main_effect,3,1
210,pohlechen2020,acquisition_ANOVA_group_main_effect;recall_ANOVA_group_x_cue_type_interaction,2,1
211,pohlechen2020,acquisition_ANOVA_group_x_cue_type_interaction;extinction_ANOVA_group_main_effect,2,1
212,pohlechen2020,extinction_ANOVA_group_main_effect;extinction_ANOVA_group_x_cue_type_interaction;recall_ANOVA_group_main_effect,3,1
213,pohlechen2020,extinction_ANOVA_group_main_effect;extinction_ANOVA_group_x_cue_type_interaction;recall_ANOVA_group_main_effect;recall_ANOVA_group_x_cue_type_interaction,4,1
214,shvil2014,extinction_ANOVA_group_main_effect;extinction_ANOVA_cue_type_main_effect;extinction_ANOVA_group_x_cue_type_interaction;recall_ANOVA_group_main_effect;recall_ANOVA_group_x_cue_type_interaction,5,594
215,shvil2014,extinction_ANOVA_group_main_effect;extinction_ANOVA_cue_type_main_effect;extinction_ANOVA_group_x_cue_type_interaction;recall_ANOVA_group_main_effect;recall_ANOVA_cue_type_main_effect;recall_ANOVA_group_x_cue_type_interaction,6,144
216,shvil2014,extinction_ANOVA_group_main_effect;extinction_ANOVA_cue_type_main_effect;extinction_ANOVA_group_x_cue_type_interaction;recall_ANOVA_group_main_effect,4,49
217,shvil2014,extinction_ANOVA_cue_type_main_effect;extinction_ANOVA_group_x_cue_type_interaction;recall_ANOVA_group_main_effect;recall_ANOVA_group_x_cue_type_interaction,4,43
218,shvil2014,extinction_ANOVA_group_main_effect;extinction_ANOVA_group_x_cue_type_interaction;recall_ANOVA_group_main_effect;recall_ANOVA_group_x_cue_type_interaction,4,42
219,shvil2014,extinction_ANOVA_group_main_effect;extinction_ANOVA_cue_type_main_effect;extinction_ANOVA_group_x_cue_type_interaction;recall_ANOVA_group_x_cue_type_interaction,4,32
220,shvil2014,extinction_ANOVA_group_main_effect;extinction_ANOVA_cue_type_main_effect;recall_ANOVA_group_main_effect;recall_ANOVA_group_x_cue_type_interaction,4,30
221,shvil2014,extinction_ANOVA_cue_type_main_effect;extinction_ANOVA_group_x_cue_type_interaction;recall_ANOVA_group_main_effect;recall_ANOVA_cue_type_main_effect;recall_ANOVA_group_x_cue_type_interaction,5,13
222,shvil2014,extinction_ANOVA_group_main_effect;extinction_ANOVA_group_x_cue_type_interaction;recall_ANOVA_group_main_effect;recall_ANOVA_cue_type_main_effect;recall_ANOVA_group_x_cue_type_interaction,5,8
223,shvil2014,extinction_ANOVA_group_main_effect;extinction_ANOVA_cue_type_main_effect;extinction_ANOVA_group_x_cue_type_interaction;recall_ANOVA_cue_type_main_effect;recall_ANOVA_group_x_cue_type_interaction,5,6
224,shvil2014,extinction_ANOVA_group_main_effect;extinction_ANOVA_cue_type_main_effect;extinction_ANOVA_group_x_cue_type_interaction;recall_ANOVA_group_main_effect;recall_ANOVA_cue_type_main_effect,5,5
225,shvil2014,extinction_ANOVA_group_x_cue_type_interaction;recall_ANOVA_group_main_effect;recall_ANOVA_group_x_cue_type_interaction,3,5
226,shvil2014,extinction_ANOVA_cue_type_main_effect;extinction_ANOVA_group_x_cue_type_interaction;recall_ANOVA_group_x_cue_type_interaction,3,4
227,shvil2014,extinction_ANOVA_group_main_effect;extinction_ANOVA_group_x_cue_type_interaction;recall_ANOVA_group_x_cue_type_interaction,3,4
228,shvil2014,extinction_ANOVA_cue_type_main_effect;extinction_ANOVA_group_x_cue_type_interaction;recall_ANOVA_group_main_effect;recall_ANOVA_cue_type_main_effect,4,3
229,shvil2014,extinction_ANOVA_group_main_effect;extinction_ANOVA_cue_type_main_effect;recall_ANOVA_group_main_effect,3,3
230,shvil2014,extinction_ANOVA_group_x_cue_type_interaction;recall_ANOVA_group_main_effect;recall_ANOVA_cue_type_main_effect;recall_ANOVA_group_x_cue_type_interaction,4,3
231,shvil2014,extinction_ANOVA_cue_type_main_effect;extinction_ANOVA_group_x_cue_type_interaction;recall_ANOVA_group_main_effect,3,2
232,shvil2014,extinction_ANOVA_cue_type_main_effect;recall_ANOVA_group_main_effect;recall_ANOVA_group_x_cue_type_interaction,3,2
233,shvil2014,extinction_ANOVA_group_main_effect;extinction_ANOVA_cue_type_main_effect;recall_ANOVA_group_main_effect;recall_ANOVA_cue_type_main_effect;recall_ANOVA_group_x_cue_type_interaction,5,2
234,shvil2014,extinction_ANOVA_group_main_effect;extinction_ANOVA_group_x_cue_type_interaction;recall_ANOVA_group_main_effect,3,2
235,shvil2014,extinction_ANOVA_group_main_effect;extinction_ANOVA_cue_type_main_effect,2,1
236,shvil2014,extinction_ANOVA_group_main_effect;extinction_ANOVA_cue_type_main_effect;extinction_ANOVA_group_x_cue_type_interaction,3,1
237,shvil2014,extinction_ANOVA_group_main_effect;extinction_ANOVA_cue_type_main_effect;recall_ANOVA_group_x_cue_type_interaction,3,1
238,shvil2014,extinction_ANOVA_group_main_effect;recall_ANOVA_group_main_effect;recall_ANOVA_group_x_cue_type_interaction,3,1
239,wicking2016,acquisition_ANOVA_group_x_cue_type_interaction;extinction_ANOVA_group_x_cue_type_interaction;PTSD_t_test_between_stimuli_in_recall,3,372
240,wicking2016,acquisition_ANOVA_group_x_cue_type_interaction;extinction_ANOVA_group_x_cue_type_interaction;PTSD_t_test_between_stimuli_in_recall;control_t_test_between_stimuli_in_recall,4,303
241,wicking2016,acquisition_ANOVA_group_x_cue_type_interaction;extinction_ANOVA_group_x_cue_type_interaction,2,90
242,wicking2016,acquisition_ANOVA_group_x_cue_type_interaction;extinction_ANOVA_group_x_cue_type_interaction;control_t_test_between_stimuli_in_recall,3,86
243,wicking2016,acquisition_ANOVA_group_x_cue_type_interaction;PTSD_t_test_between_stimuli_in_recall,2,27
244,wicking2016,acquisition_ANOVA_group_x_cue_type_interaction;PTSD_t_test_between_stimuli_in_recall;control_t_test_between_stimuli_in_recall,3,21
245,wicking2016,acquisition_ANOVA_group_x_cue_type_interaction;extinction_ANOVA_group_x_cue_type_interaction;recall_ANOVA_group_x_cue_type_interaction;PTSD_t_test_between_stimuli_in_recall;control_t_test_between_stimuli_in_recall,5,20
246,wicking2016,acquisition_ANOVA_group_x_cue_type_interaction;extinction_ANOVA_group_x_cue_type_interaction;recall_ANOVA_group_x_cue_type_interaction,3,19
247,wicking2016,extinction_ANOVA_group_x_cue_type_interaction;PTSD_t_test_between_stimuli_in_recall,2,17
248,wicking2016,acquisition_ANOVA_group_x_cue_type_interaction;extinction_ANOVA_group_x_cue_type_interaction;recall_ANOVA_group_x_cue_type_interaction;PTSD_t_test_between_stimuli_in_recall,4,10
249,wicking2016,extinction_ANOVA_group_x_cue_type_interaction;PTSD_t_test_between_stimuli_in_recall;control_t_test_between_stimuli_in_recall,3,9
250,wicking2016,extinction_ANOVA_group_x_cue_type_interaction,1,8
251,wicking2016,acquisition_ANOVA_group_x_cue_type_interaction,1,5
252,wicking2016,acquisition_ANOVA_group_x_cue_type_interaction;control_t_test_between_stimuli_in_recall,2,4
253,wicking2016,extinction_ANOVA_group_x_cue_type_interaction;control_t_test_between_stimuli_in_recall,2,3
254,wicking2016,PTSD_t_test_between_stimuli_in_recall,1,2
255,wicking2016,acquisition_ANOVA_group_x_cue_type_interaction;recall_ANOVA_group_x_cue_type_interaction;PTSD_t_test_between_stimuli_in_recall,3,1
256,wicking2016,acquisition_ANOVA_group_x_cue_type_interaction;recall_ANOVA_group_x_cue_type_interaction;PTSD_t_test_between_stimuli_in_recall;control_t_test_between_stimuli_in_recall,4,1
257,wicking2016,extinction_ANOVA_group_x_cue_type_interaction;recall_ANOVA_group_x_cue_type_interaction,2,1
258,wicking2016,PTSD_t_test_between_stimuli_in_recall;control_t_test_between_stimuli_in_recall,2,1
259,zuj2017,early_extinction_ANOVA_cue_type_main_effect;early_extinction_ANOVA_trial_number_main_effect;control_difference_between_trials_1_and_2_of_extinction;acquisition_ANOVA_group_main_effect;group_extinction_group_main_effect;late_extinction_group_main_effect;late_extinction_group_x_cue_type_interaction,7,92
260,zuj2017,early_extinction_ANOVA_cue_type_main_effect;early_extinction_ANOVA_trial_number_main_effect;control_difference_between_trials_1_and_2_of_extinction;acquisition_ANOVA_group_main_effect;group_extinction_group_main_effect;late_extinction_group_main_effect;late_extinction_group_x_cue_type_interaction;control_difference_between_trials_2_and_3_of_extinction,8,53
261,zuj2017,early_extinction_ANOVA_cue_type_main_effect;early_extinction_ANOVA_trial_number_main_effect;control_difference_between_trials_1_and_2_of_extinction;PTSD_difference_between_trials_2_and_3_of_extinction;acquisition_ANOVA_group_main_effect;group_extinction_group_main_effect;late_extinction_group_main_effect;late_extinction_group_x_cue_type_interaction;PTSD_difference_between_trials_1_and_2_of_extinction,9,50
262,zuj2017,early_extinction_ANOVA_cue_type_main_effect;early_extinction_ANOVA_trial_number_main_effect;late_extinction_ANOVA_trial_number_main_effect;control_difference_between_trials_1_and_2_of_extinction;acquisition_ANOVA_group_main_effect;group_extinction_group_main_effect;late_extinction_group_main_effect;late_extinction_group_x_cue_type_interaction,8,43
263,zuj2017,early_extinction_ANOVA_cue_type_main_effect;early_extinction_ANOVA_trial_number_main_effect;control_difference_between_trials_1_and_2_of_extinction;PTSD_difference_between_trials_2_and_3_of_extinction;acquisition_ANOVA_group_main_effect;group_extinction_group_main_effect;late_extinction_group_main_effect;late_extinction_group_x_cue_type_interaction,8,42
264,zuj2017,early_extinction_ANOVA_cue_type_main_effect;early_extinction_ANOVA_trial_number_main_effect;control_difference_between_trials_1_and_2_of_extinction;acquisition_ANOVA_group_main_effect;group_extinction_group_main_effect;late_extinction_group_main_effect;late_extinction_group_x_cue_type_interaction;PTSD_difference_between_trials_1_and_2_of_extinction,8,41
265,zuj2017,early_extinction_ANOVA_cue_type_main_effect;early_extinction_ANOVA_trial_number_main_effect;control_difference_between_trials_1_and_2_of_extinction;acquisition_ANOVA_group_main_effect;group_extinction_group_main_effect;late_extinction_group_main_effect;late_extinction_cue_type_main_effect;late_extinction_group_x_cue_type_interaction,8,38
266,zuj2017,early_extinction_ANOVA_cue_type_main_effect;early_extinction_ANOVA_trial_number_main_effect;control_difference_between_trials_1_and_2_of_extinction;PTSD_difference_between_trials_2_and_3_of_extinction;acquisition_ANOVA_group_main_effect;group_extinction_group_main_effect;late_extinction_group_main_effect;late_extinction_cue_type_main_effect;late_extinction_group_x_cue_type_interaction;PTSD_difference_between_trials_1_and_2_of_extinction,10,24
267,zuj2017,early_extinction_ANOVA_cue_type_main_effect;early_extinction_ANOVA_trial_number_main_effect;control_difference_between_trials_1_and_2_of_extinction;PTSD_difference_between_trials_2_and_3_of_extinction;acquisition_ANOVA_group_main_effect;group_extinction_group_main_effect;late_extinction_group_main_effect;late_extinction_cue_type_main_effect;late_extinction_group_x_cue_type_interaction,9,22
268,zuj2017,early_extinction_ANOVA_cue_type_main_effect;early_extinction_ANOVA_trial_number_main_effect;late_extinction_ANOVA_trial_number_main_effect;control_difference_between_trials_1_and_2_of_extinction;acquisition_ANOVA_group_main_effect;group_extinction_group_main_effect;late_extinction_group_main_effect;late_extinction_group_x_cue_type_interaction;control_difference_between_trials_2_and_3_of_extinction,9,20
269,zuj2017,early_extinction_ANOVA_cue_type_main_effect;early_extinction_ANOVA_trial_number_main_effect;late_extinction_ANOVA_trial_number_main_effect;control_difference_between_trials_1_and_2_of_extinction;PTSD_difference_between_trials_2_and_3_of_extinction;acquisition_ANOVA_group_main_effect;group_extinction_group_main_effect;late_extinction_group_main_effect;late_extinction_group_x_cue_type_interaction;PTSD_difference_between_trials_1_and_2_of_extinction,10,20
270,zuj2017,early_extinction_ANOVA_cue_type_main_effect;early_extinction_ANOVA_trial_number_main_effect;late_extinction_ANOVA_trial_number_main_effect;control_difference_between_trials_1_and_2_of_extinction;PTSD_difference_between_trials_2_and_3_of_extinction;acquisition_ANOVA_group_main_effect;group_extinction_group_main_effect;late_extinction_group_main_effect;late_extinction_group_x_cue_type_interaction,9,19
271,zuj2017,early_extinction_ANOVA_cue_type_main_effect;early_extinction_ANOVA_trial_number_main_effect;control_difference_between_trials_1_and_2_of_extinction;acquisition_ANOVA_group_main_effect;group_extinction_group_main_effect;late_extinction_group_main_effect;late_extinction_cue_type_main_effect;late_extinction_group_x_cue_type_interaction;PTSD_difference_between_trials_1_and_2_of_extinction,9,17
272,zuj2017,early_extinction_ANOVA_cue_type_main_effect;early_extinction_ANOVA_trial_number_main_effect;control_difference_between_trials_1_and_2_of_extinction;PTSD_difference_between_trials_2_and_3_of_extinction;acquisition_ANOVA_group_main_effect;group_extinction_group_main_effect;late_extinction_group_main_effect;late_extinction_group_x_cue_type_interaction;PTSD_difference_between_trials_1_and_2_of_extinction;control_difference_between_trials_2_and_3_of_extinction,10,17
273,zuj2017,early_extinction_ANOVA_cue_type_main_effect;early_extinction_ANOVA_trial_number_main_effect;late_extinction_ANOVA_trial_number_main_effect;control_difference_between_trials_1_and_2_of_extinction;acquisition_ANOVA_group_main_effect;group_extinction_group_main_effect;late_extinction_group_main_effect;late_extinction_cue_type_main_effect;late_extinction_group_x_cue_type_interaction,9,16
274,zuj2017,early_extinction_ANOVA_cue_type_main_effect;early_extinction_ANOVA_trial_number_main_effect;control_difference_between_trials_1_and_2_of_extinction;acquisition_ANOVA_group_main_effect;group_extinction_group_main_effect;late_extinction_group_main_effect;late_extinction_cue_type_main_effect;late_extinction_group_x_cue_type_interaction;control_difference_between_trials_2_and_3_of_extinction,9,14
275,zuj2017,early_extinction_ANOVA_cue_type_main_effect;early_extinction_ANOVA_trial_number_main_effect;control_difference_between_trials_1_and_2_of_extinction;PTSD_difference_between_trials_2_and_3_of_extinction;acquisition_ANOVA_group_main_effect;group_extinction_group_main_effect;late_extinction_group_main_effect;late_extinction_group_x_cue_type_interaction;control_difference_between_trials_2_and_3_of_extinction,9,14
276,zuj2017,early_extinction_ANOVA_cue_type_main_effect;early_extinction_ANOVA_trial_number_main_effect;PTSD_difference_between_trials_2_and_3_of_extinction;acquisition_ANOVA_group_main_effect;group_extinction_group_main_effect;late_extinction_group_main_effect;late_extinction_group_x_cue_type_interaction;PTSD_difference_between_trials_1_and_2_of_extinction,8,12
277,zuj2017,early_extinction_ANOVA_cue_type_main_effect;early_extinction_ANOVA_trial_number_main_effect;late_extinction_ANOVA_trial_number_main_effect;control_difference_between_trials_1_and_2_of_extinction;acquisition_ANOVA_group_main_effect;group_extinction_group_main_effect;late_extinction_group_main_effect;late_extinction_group_x_cue_type_interaction;PTSD_difference_between_trials_1_and_2_of_extinction,9,11
278,zuj2017,early_extinction_ANOVA_cue_type_main_effect;early_extinction_ANOVA_trial_number_main_effect;control_difference_between_trials_1_and_2_of_extinction;group_extinction_group_main_effect;late_extinction_group_main_effect;late_extinction_group_x_cue_type_interaction,6,10
279,zuj2017,early_extinction_ANOVA_cue_type_main_effect;early_extinction_ANOVA_trial_number_main_effect;control_difference_between_trials_1_and_2_of_extinction;PTSD_difference_between_trials_2_and_3_of_extinction;acquisition_ANOVA_group_main_effect;group_extinction_group_main_effect;late_extinction_group_main_effect;late_extinction_cue_type_main_effect;late_extinction_group_x_cue_type_interaction;PTSD_difference_between_trials_1_and_2_of_extinction;control_difference_between_trials_2_and_3_of_extinction,11,10
280,zuj2017,early_extinction_ANOVA_cue_type_main_effect;early_extinction_ANOVA_trial_number_main_effect;late_extinction_ANOVA_trial_number_main_effect;acquisition_ANOVA_group_main_effect;group_extinction_group_main_effect;late_extinction_group_main_effect;late_extinction_group_x_cue_type_interaction,7,9
281,zuj2017,early_extinction_ANOVA_cue_type_main_effect;early_extinction_ANOVA_trial_number_main_effect;late_extinction_ANOVA_trial_number_main_effect;control_difference_between_trials_1_and_2_of_extinction;PTSD_difference_between_trials_2_and_3_of_extinction;acquisition_ANOVA_group_main_effect;group_extinction_group_main_effect;late_extinction_group_main_effect;late_extinction_group_x_cue_type_interaction;control_difference_between_trials_2_and_3_of_extinction,10,9
282,zuj2017,early_extinction_ANOVA_cue_type_main_effect;early_extinction_ANOVA_trial_number_main_effect;late_extinction_ANOVA_trial_number_main_effect;control_difference_between_trials_1_and_2_of_extinction;PTSD_difference_between_trials_2_and_3_of_extinction;acquisition_ANOVA_group_main_effect;group_extinction_group_main_effect;late_extinction_group_main_effect;late_extinction_group_x_cue_type_interaction;PTSD_difference_between_trials_1_and_2_of_extinction;control_difference_between_trials_2_and_3_of_extinction,11,9
283,zuj2017,early_extinction_ANOVA_cue_type_main_effect;early_extinction_ANOVA_trial_number_main_effect;control_difference_between_trials_1_and_2_of_extinction;acquisition_ANOVA_group_main_effect;group_extinction_group_main_effect;late_extinction_group_main_effect,6,8
284,zuj2017,early_extinction_ANOVA_cue_type_main_effect;early_extinction_ANOVA_trial_number_main_effect;control_difference_between_trials_1_and_2_of_extinction;acquisition_ANOVA_group_main_effect;late_extinction_group_main_effect;late_extinction_group_x_cue_type_interaction,6,8
285,zuj2017,early_extinction_ANOVA_cue_type_main_effect;early_extinction_ANOVA_trial_number_main_effect;early_extinction_ANOVA_group_x_cue_type_interaction;control_difference_between_trials_1_and_2_of_extinction;acquisition_ANOVA_group_main_effect;group_extinction_group_main_effect;late_extinction_group_main_effect;late_extinction_cue_type_main_effect;late_extinction_group_x_cue_type_interaction,9,8
286,zuj2017,early_extinction_ANOVA_cue_type_main_effect;early_extinction_ANOVA_trial_number_main_effect;acquisition_ANOVA_group_main_effect;group_extinction_group_main_effect;late_extinction_group_main_effect;late_extinction_group_x_cue_type_interaction,6,7
287,zuj2017,early_extinction_ANOVA_cue_type_main_effect;early_extinction_ANOVA_trial_number_main_effect;control_difference_between_trials_1_and_2_of_extinction;acquisition_ANOVA_group_main_effect;group_extinction_group_main_effect;late_extinction_group_main_effect;late_extinction_group_x_cue_type_interaction;PTSD_difference_between_trials_1_and_2_of_extinction;control_difference_between_trials_2_and_3_of_extinction,9,7
288,zuj2017,early_extinction_ANOVA_cue_type_main_effect;early_extinction_ANOVA_trial_number_main_effect;control_difference_between_trials_1_and_2_of_extinction;acquisition_ANOVA_group_main_effect;group_extinction_group_main_effect;late_extinction_group_x_cue_type_interaction,6,7
289,zuj2017,early_extinction_ANOVA_cue_type_main_effect;early_extinction_ANOVA_trial_number_main_effect;late_extinction_ANOVA_trial_number_main_effect;control_difference_between_trials_1_and_2_of_extinction;PTSD_difference_between_trials_2_and_3_of_extinction;acquisition_ANOVA_group_main_effect;group_extinction_group_main_effect;late_extinction_group_main_effect;late_extinction_cue_type_main_effect;late_extinction_group_x_cue_type_interaction,10,7
290,zuj2017,early_extinction_ANOVA_cue_type_main_effect;early_extinction_ANOVA_trial_number_main_effect;late_extinction_ANOVA_trial_number_main_effect;control_difference_between_trials_1_and_2_of_extinction;PTSD_difference_between_trials_2_and_3_of_extinction;acquisition_ANOVA_group_main_effect;group_extinction_group_main_effect;late_extinction_group_main_effect;late_extinction_cue_type_main_effect;late_extinction_group_x_cue_type_interaction;PTSD_difference_between_trials_1_and_2_of_extinction,11,7
291,zuj2017,early_extinction_ANOVA_cue_type_main_effect;early_extinction_ANOVA_trial_number_main_effect;control_difference_between_trials_1_and_2_of_extinction;acquisition_ANOVA_group_main_effect;group_extinction_group_main_effect;late_extinction_group_main_effect;late_extinction_cue_type_main_effect,7,6
292,zuj2017,early_extinction_ANOVA_cue_type_main_effect;early_extinction_ANOVA_trial_number_main_effect;control_difference_between_trials_1_and_2_of_extinction;acquisition_ANOVA_group_main_effect;late_extinction_group_main_effect;late_extinction_cue_type_main_effect;late_extinction_group_x_cue_type_interaction,7,6
293,zuj2017,early_extinction_ANOVA_cue_type_main_effect;early_extinction_ANOVA_trial_number_main_effect;control_difference_between_trials_1_and_2_of_extinction;PTSD_difference_between_trials_2_and_3_of_extinction;acquisition_ANOVA_group_main_effect;late_extinction_group_main_effect;late_extinction_group_x_cue_type_interaction;PTSD_difference_between_trials_1_and_2_of_extinction,8,6
294,zuj2017,early_extinction_ANOVA_cue_type_main_effect;early_extinction_ANOVA_trial_number_main_effect;control_difference_between_trials_1_and_2_of_extinction;PTSD_difference_between_trials_2_and_3_of_extinction;group_extinction_group_main_effect;late_extinction_group_main_effect;late_extinction_group_x_cue_type_interaction,7,6
295,zuj2017,early_extinction_ANOVA_cue_type_main_effect;early_extinction_ANOVA_trial_number_main_effect;early_extinction_ANOVA_group_x_cue_type_interaction;control_difference_between_trials_1_and_2_of_extinction;acquisition_ANOVA_group_main_effect;group_extinction_group_main_effect;late_extinction_group_main_effect;late_extinction_group_x_cue_type_interaction,8,6
296,zuj2017,early_extinction_ANOVA_cue_type_main_effect;early_extinction_ANOVA_trial_number_main_effect;late_extinction_ANOVA_trial_number_main_effect;control_difference_between_trials_1_and_2_of_extinction;acquisition_ANOVA_group_main_effect;group_extinction_group_main_effect;late_extinction_group_main_effect,7,6
297,zuj2017,early_extinction_ANOVA_cue_type_main_effect;early_extinction_ANOVA_trial_number_main_effect;late_extinction_ANOVA_trial_number_main_effect;control_difference_between_trials_1_and_2_of_extinction;acquisition_ANOVA_group_main_effect;group_extinction_group_main_effect;late_extinction_group_main_effect;late_extinction_group_x_cue_type_interaction;PTSD_difference_between_trials_1_and_2_of_extinction;control_difference_between_trials_2_and_3_of_extinction,10,6
298,zuj2017,early_extinction_ANOVA_cue_type_main_effect;early_extinction_ANOVA_trial_number_main_effect;PTSD_difference_between_trials_2_and_3_of_extinction;acquisition_ANOVA_group_main_effect;group_extinction_group_main_effect;late_extinction_group_main_effect;late_extinction_group_x_cue_type_interaction,7,6
299,zuj2017,early_extinction_ANOVA_cue_type_main_effect;early_extinction_ANOVA_trial_number_main_effect;acquisition_ANOVA_group_main_effect;group_extinction_group_main_effect;late_extinction_group_main_effect;late_extinction_group_x_cue_type_interaction;PTSD_difference_between_trials_1_and_2_of_extinction,7,5
300,zuj2017,early_extinction_ANOVA_cue_type_main_effect;early_extinction_ANOVA_trial_number_main_effect;control_difference_between_trials_1_and_2_of_extinction;acquisition_ANOVA_group_main_effect;group_extinction_group_main_effect;late_extinction_group_main_effect;late_extinction_cue_type_main_effect;late_extinction_group_x_cue_type_interaction;PTSD_difference_between_trials_1_and_2_of_extinction;control_difference_between_trials_2_and_3_of_extinction,10,5
301,zuj2017,early_extinction_ANOVA_cue_type_main_effect;early_extinction_ANOVA_trial_number_main_effect;control_difference_between_trials_1_and_2_of_extinction;acquisition_ANOVA_group_main_effect;late_extinction_group_main_effect;late_extinction_group_x_cue_type_interaction;control_difference_between_trials_2_and_3_of_extinction,7,5
302,zuj2017,early_extinction_ANOVA_cue_type_main_effect;early_extinction_ANOVA_trial_number_main_effect;control_difference_between_trials_1_and_2_of_extinction;PTSD_difference_between_trials_2_and_3_of_extinction;acquisition_ANOVA_group_main_effect;group_extinction_group_main_effect;late_extinction_group_main_effect;PTSD_difference_between_trials_1_and_2_of_extinction,8,5
303,zuj2017,early_extinction_ANOVA_cue_type_main_effect;early_extinction_ANOVA_trial_number_main_effect;control_difference_between_trials_1_and_2_of_extinction;PTSD_difference_between_trials_2_and_3_of_extinction;acquisition_ANOVA_group_main_effect;group_extinction_group_main_effect;late_extinction_group_x_cue_type_interaction,7,5
304,zuj2017,early_extinction_ANOVA_cue_type_main_effect;early_extinction_ANOVA_trial_number_main_effect;control_difference_between_trials_1_and_2_of_extinction;PTSD_difference_between_trials_2_and_3_of_extinction;acquisition_ANOVA_group_main_effect;group_extinction_group_main_effect;late_extinction_group_x_cue_type_interaction;PTSD_difference_between_trials_1_and_2_of_extinction,8,5
305,zuj2017,early_extinction_ANOVA_cue_type_main_effect;early_extinction_ANOVA_trial_number_main_effect;late_extinction_ANOVA_trial_number_main_effect;control_difference_between_trials_1_and_2_of_extinction;acquisition_ANOVA_group_main_effect;group_extinction_group_main_effect;late_extinction_group_main_effect;late_extinction_cue_type_main_effect;late_extinction_group_x_cue_type_interaction;PTSD_difference_between_trials_1_and_2_of_extinction,10,5
306,zuj2017,early_extinction_ANOVA_cue_type_main_effect;early_extinction_ANOVA_trial_number_main_effect;late_extinction_ANOVA_trial_number_main_effect;PTSD_difference_between_trials_2_and_3_of_extinction;acquisition_ANOVA_group_main_effect;group_extinction_group_main_effect;late_extinction_group_main_effect;late_extinction_group_x_cue_type_interaction;PTSD_difference_between_trials_1_and_2_of_extinction,9,5
307,zuj2017,early_extinction_ANOVA_cue_type_main_effect;early_extinction_ANOVA_trial_number_main_effect;PTSD_difference_between_trials_2_and_3_of_extinction;acquisition_ANOVA_group_main_effect;group_extinction_group_main_effect;late_extinction_group_main_effect;late_extinction_cue_type_main_effect;late_extinction_group_x_cue_type_interaction;PTSD_difference_between_trials_1_and_2_of_extinction,9,5
308,zuj2017,early_extinction_ANOVA_cue_type_main_effect;early_extinction_ANOVA_trial_number_main_effect;control_difference_between_trials_1_and_2_of_extinction;PTSD_difference_between_trials_2_and_3_of_extinction;acquisition_ANOVA_group_main_effect;group_extinction_group_main_effect;late_extinction_group_main_effect,7,4
309,zuj2017,early_extinction_ANOVA_cue_type_main_effect;early_extinction_ANOVA_trial_number_main_effect;control_difference_between_trials_1_and_2_of_extinction;PTSD_difference_between_trials_2_and_3_of_extinction;acquisition_ANOVA_group_main_effect;group_extinction_group_main_effect;late_extinction_group_main_effect;late_extinction_cue_type_main_effect;late_extinction_group_x_cue_type_interaction;control_difference_between_trials_2_and_3_of_extinction,10,4
310,zuj2017,early_extinction_ANOVA_cue_type_main_effect;early_extinction_ANOVA_trial_number_main_effect;control_difference_between_trials_1_and_2_of_extinction;PTSD_difference_between_trials_2_and_3_of_extinction;acquisition_ANOVA_group_main_effect;late_extinction_group_main_effect;late_extinction_group_x_cue_type_interaction,7,4
311,zuj2017,early_extinction_ANOVA_cue_type_main_effect;early_extinction_ANOVA_trial_number_main_effect;early_extinction_ANOVA_group_x_cue_type_interaction;control_difference_between_trials_1_and_2_of_extinction;acquisition_ANOVA_group_main_effect;group_extinction_group_main_effect;late_extinction_group_main_effect;late_extinction_group_x_cue_type_interaction;control_difference_between_trials_2_and_3_of_extinction,9,4
312,zuj2017,early_extinction_ANOVA_cue_type_main_effect;early_extinction_ANOVA_trial_number_main_effect;early_extinction_ANOVA_group_x_cue_type_interaction;control_difference_between_trials_1_and_2_of_extinction;PTSD_difference_between_trials_2_and_3_of_extinction;acquisition_ANOVA_group_main_effect;group_extinction_group_main_effect;late_extinction_group_main_effect;late_extinction_group_x_cue_type_interaction,9,4
313,zuj2017,early_extinction_ANOVA_cue_type_main_effect;early_extinction_ANOVA_trial_number_main_effect;early_extinction_ANOVA_group_x_cue_type_interaction;control_difference_between_trials_1_and_2_of_extinction;PTSD_difference_between_trials_2_and_3_of_extinction;acquisition_ANOVA_group_main_effect;group_extinction_group_main_effect;late_extinction_group_main_effect;late_extinction_group_x_cue_type_interaction;control_difference_between_trials_2_and_3_of_extinction,10,4
314,zuj2017,early_extinction_ANOVA_cue_type_main_effect;early_extinction_ANOVA_trial_number_main_effect;early_extinction_ANOVA_group_x_cue_type_interaction;control_difference_between_trials_1_and_2_of_extinction;PTSD_difference_between_trials_2_and_3_of_extinction;acquisition_ANOVA_group_main_effect;group_extinction_group_main_effect;late_extinction_group_main_effect;late_extinction_group_x_cue_type_interaction;PTSD_difference_between_trials_1_and_2_of_extinction,10,4
315,zuj2017,early_extinction_ANOVA_cue_type_main_effect;early_extinction_ANOVA_trial_number_main_effect;PTSD_difference_between_trials_2_and_3_of_extinction;acquisition_ANOVA_group_main_effect;group_extinction_group_main_effect;late_extinction_group_main_effect;late_extinction_cue_type_main_effect;late_extinction_group_x_cue_type_interaction,8,4
316,zuj2017,early_extinction_ANOVA_cue_type_main_effect;early_extinction_ANOVA_trial_number_main_effect;acquisition_ANOVA_group_main_effect;group_extinction_group_main_effect;late_extinction_group_main_effect;late_extinction_cue_type_main_effect;late_extinction_group_x_cue_type_interaction,7,3
317,zuj2017,early_extinction_ANOVA_cue_type_main_effect;early_extinction_ANOVA_trial_number_main_effect;acquisition_ANOVA_group_main_effect;group_extinction_group_main_effect;late_extinction_group_x_cue_type_interaction,5,3
318,zuj2017,early_extinction_ANOVA_cue_type_main_effect;early_extinction_ANOVA_trial_number_main_effect;early_extinction_ANOVA_group_x_cue_type_interaction;control_difference_between_trials_1_and_2_of_extinction;acquisition_ANOVA_group_main_effect;group_extinction_group_main_effect;late_extinction_group_main_effect;late_extinction_cue_type_main_effect;late_extinction_group_x_cue_type_interaction;PTSD_difference_between_trials_1_and_2_of_extinction,10,3
319,zuj2017,early_extinction_ANOVA_cue_type_main_effect;early_extinction_ANOVA_trial_number_main_effect;early_extinction_ANOVA_group_x_cue_type_interaction;control_difference_between_trials_1_and_2_of_extinction;PTSD_difference_between_trials_2_and_3_of_extinction;acquisition_ANOVA_group_main_effect;group_extinction_group_main_effect;late_extinction_group_main_effect;late_extinction_group_x_cue_type_interaction;PTSD_difference_between_trials_1_and_2_of_extinction;control_difference_between_trials_2_and_3_of_extinction,11,3
320,zuj2017,early_extinction_ANOVA_cue_type_main_effect;early_extinction_ANOVA_trial_number_main_effect;early_extinction_ANOVA_group_x_cue_type_interaction;late_extinction_ANOVA_trial_number_main_effect;control_difference_between_trials_1_and_2_of_extinction;acquisition_ANOVA_group_main_effect;group_extinction_group_main_effect;late_extinction_group_main_effect;late_extinction_cue_type_main_effect;late_extinction_group_x_cue_type_interaction,10,3
321,zuj2017,early_extinction_ANOVA_cue_type_main_effect;early_extinction_ANOVA_trial_number_main_effect;early_extinction_ANOVA_group_x_cue_type_interaction;late_extinction_ANOVA_trial_number_main_effect;control_difference_between_trials_1_and_2_of_extinction;acquisition_ANOVA_group_main_effect;group_extinction_group_main_effect;late_extinction_group_main_effect;late_extinction_group_x_cue_type_interaction;PTSD_difference_between_trials_1_and_2_of_extinction,10,3
322,zuj2017,early_extinction_ANOVA_cue_type_main_effect;early_extinction_ANOVA_trial_number_main_effect;group_extinction_group_main_effect;late_extinction_group_main_effect;late_extinction_group_x_cue_type_interaction,5,3
323,zuj2017,early_extinction_ANOVA_cue_type_main_effect;early_extinction_ANOVA_trial_number_main_effect;late_extinction_ANOVA_trial_number_main_effect;control_difference_between_trials_1_and_2_of_extinction;acquisition_ANOVA_group_main_effect;late_extinction_group_main_effect;late_extinction_cue_type_main_effect;late_extinction_group_x_cue_type_interaction,8,3
324,zuj2017,early_extinction_ANOVA_cue_type_main_effect;early_extinction_ANOVA_trial_number_main_effect;late_extinction_ANOVA_trial_number_main_effect;control_difference_between_trials_1_and_2_of_extinction;PTSD_difference_between_trials_2_and_3_of_extinction;acquisition_ANOVA_group_main_effect;group_extinction_group_main_effect;late_extinction_group_main_effect;PTSD_difference_between_trials_1_and_2_of_extinction,9,3
325,zuj2017,early_extinction_ANOVA_cue_type_main_effect;early_extinction_ANOVA_trial_number_main_effect;late_extinction_ANOVA_trial_number_main_effect;control_difference_between_trials_1_and_2_of_extinction;PTSD_difference_between_trials_2_and_3_of_extinction;acquisition_ANOVA_group_main_effect;late_extinction_group_main_effect;late_extinction_group_x_cue_type_interaction;PTSD_difference_between_trials_1_and_2_of_extinction,9,3
326,zuj2017,early_extinction_ANOVA_cue_type_main_effect;early_extinction_ANOVA_trial_number_main_effect;late_extinction_ANOVA_trial_number_main_effect;PTSD_difference_between_trials_2_and_3_of_extinction;acquisition_ANOVA_group_main_effect;group_extinction_group_main_effect;late_extinction_group_main_effect;late_extinction_group_x_cue_type_interaction,8,3
327,zuj2017,early_extinction_ANOVA_cue_type_main_effect;early_extinction_ANOVA_trial_number_main_effect;acquisition_ANOVA_group_main_effect;group_extinction_group_main_effect;late_extinction_group_main_effect,5,2
328,zuj2017,early_extinction_ANOVA_cue_type_main_effect;early_extinction_ANOVA_trial_number_main_effect;acquisition_ANOVA_group_main_effect;late_extinction_group_main_effect;late_extinction_cue_type_main_effect;late_extinction_group_x_cue_type_interaction,6,2
329,zuj2017,early_extinction_ANOVA_cue_type_main_effect;early_extinction_ANOVA_trial_number_main_effect;control_difference_between_trials_1_and_2_of_extinction;acquisition_ANOVA_group_main_effect;group_extinction_group_main_effect;late_extinction_cue_type_main_effect;late_extinction_group_x_cue_type_interaction,7,2
330,zuj2017,early_extinction_ANOVA_cue_type_main_effect;early_extinction_ANOVA_trial_number_main_effect;control_difference_between_trials_1_and_2_of_extinction;acquisition_ANOVA_group_main_effect;group_extinction_group_main_effect;late_extinction_group_main_effect;PTSD_difference_between_trials_1_and_2_of_extinction,7,2
331,zuj2017,early_extinction_ANOVA_cue_type_main_effect;early_extinction_ANOVA_trial_number_main_effect;control_difference_between_trials_1_and_2_of_extinction;acquisition_ANOVA_group_main_effect;group_extinction_group_main_effect;late_extinction_group_x_cue_type_interaction;control_difference_between_trials_2_and_3_of_extinction,7,2
332,zuj2017,early_extinction_ANOVA_cue_type_main_effect;early_extinction_ANOVA_trial_number_main_effect;control_difference_between_trials_1_and_2_of_extinction;acquisition_ANOVA_group_main_effect;late_extinction_group_main_effect;late_extinction_group_x_cue_type_interaction;PTSD_difference_between_trials_1_and_2_of_extinction;control_difference_between_trials_2_and_3_of_extinction,8,2
333,zuj2017,early_extinction_ANOVA_cue_type_main_effect;early_extinction_ANOVA_trial_number_main_effect;control_difference_between_trials_1_and_2_of_extinction;group_extinction_group_main_effect;late_extinction_group_main_effect;late_extinction_group_x_cue_type_interaction;control_difference_between_trials_2_and_3_of_extinction,7,2
334,zuj2017,early_extinction_ANOVA_cue_type_main_effect;early_extinction_ANOVA_trial_number_main_effect;control_difference_between_trials_1_and_2_of_extinction;group_extinction_group_main_effect;late_extinction_group_main_effect;late_extinction_group_x_cue_type_interaction;PTSD_difference_between_trials_1_and_2_of_extinction,7,2
335,zuj2017,early_extinction_ANOVA_cue_type_main_effect;early_extinction_ANOVA_trial_number_main_effect;control_difference_between_trials_1_and_2_of_extinction;PTSD_difference_between_trials_2_and_3_of_extinction;acquisition_ANOVA_group_main_effect;group_extinction_group_main_effect;late_extinction_group_main_effect;late_extinction_cue_type_main_effect,8,2
336,zuj2017,early_extinction_ANOVA_cue_type_main_effect;early_extinction_ANOVA_trial_number_main_effect;control_difference_between_trials_1_and_2_of_extinction;PTSD_difference_between_trials_2_and_3_of_extinction;acquisition_ANOVA_group_main_effect;group_extinction_group_main_effect;late_extinction_group_main_effect;PTSD_difference_between_trials_1_and_2_of_extinction;control_difference_between_trials_2_and_3_of_extinction,9,2
337,zuj2017,early_extinction_ANOVA_cue_type_main_effect;early_extinction_ANOVA_trial_number_main_effect;control_difference_between_trials_1_and_2_of_extinction;PTSD_difference_between_trials_2_and_3_of_extinction;acquisition_ANOVA_group_main_effect;late_extinction_group_main_effect;late_extinction_cue_type_main_effect;late_extinction_group_x_cue_type_interaction;PTSD_difference_between_trials_1_and_2_of_extinction;control_difference_between_trials_2_and_3_of_extinction,10,2
338,zuj2017,early_extinction_ANOVA_cue_type_main_effect;early_extinction_ANOVA_trial_number_main_effect;control_difference_between_trials_1_and_2_of_extinction;PTSD_difference_between_trials_2_and_3_of_extinction;acquisition_ANOVA_group_main_effect;late_extinction_group_main_effect;late_extinction_group_x_cue_type_interaction;control_difference_between_trials_2_and_3_of_extinction,8,2
339,zuj2017,early_extinction_ANOVA_cue_type_main_effect;early_extinction_ANOVA_trial_number_main_effect;control_difference_between_trials_1_and_2_of_extinction;PTSD_difference_between_trials_2_and_3_of_extinction;group_extinction_group_main_effect;late_extinction_group_main_effect;late_extinction_cue_type_main_effect;late_extinction_group_x_cue_type_interaction;PTSD_difference_between_trials_1_and_2_of_extinction,9,2
340,zuj2017,early_extinction_ANOVA_cue_type_main_effect;early_extinction_ANOVA_trial_number_main_effect;control_difference_between_trials_1_and_2_of_extinction;PTSD_difference_between_trials_2_and_3_of_extinction;group_extinction_group_main_effect;late_extinction_group_main_effect;late_extinction_group_x_cue_type_interaction;PTSD_difference_between_trials_1_and_2_of_extinction,8,2
341,zuj2017,early_extinction_ANOVA_cue_type_main_effect;early_extinction_ANOVA_trial_number_main_effect;control_difference_between_trials_1_and_2_of_extinction;PTSD_difference_between_trials_2_and_3_of_extinction;group_extinction_group_main_effect;late_extinction_group_main_effect;late_extinction_group_x_cue_type_interaction;PTSD_difference_between_trials_1_and_2_of_extinction;control_difference_between_trials_2_and_3_of_extinction,9,2
342,zuj2017,early_extinction_ANOVA_cue_type_main_effect;early_extinction_ANOVA_trial_number_main_effect;early_extinction_ANOVA_group_x_cue_type_interaction;control_difference_between_trials_1_and_2_of_extinction;acquisition_ANOVA_group_main_effect;group_extinction_group_main_effect;late_extinction_group_main_effect;late_extinction_group_x_cue_type_interaction;PTSD_difference_between_trials_1_and_2_of_extinction,9,2
343,zuj2017,early_extinction_ANOVA_cue_type_main_effect;early_extinction_ANOVA_trial_number_main_effect;early_extinction_ANOVA_group_x_cue_type_interaction;control_difference_between_trials_1_and_2_of_extinction;PTSD_difference_between_trials_2_and_3_of_extinction;acquisition_ANOVA_group_main_effect;group_extinction_group_main_effect;late_extinction_group_main_effect;late_extinction_cue_type_main_effect;late_extinction_group_x_cue_type_interaction;PTSD_difference_between_trials_1_and_2_of_extinction,11,2
344,zuj2017,early_extinction_ANOVA_cue_type_main_effect;early_extinction_ANOVA_trial_number_main_effect;early_extinction_ANOVA_group_x_cue_type_interaction;control_difference_between_trials_1_and_2_of_extinction;PTSD_difference_between_trials_2_and_3_of_extinction;acquisition_ANOVA_group_main_effect;late_extinction_group_main_effect;late_extinction_group_x_cue_type_interaction;PTSD_difference_between_trials_1_and_2_of_extinction,9,2
345,zuj2017,early_extinction_ANOVA_cue_type_main_effect;early_extinction_ANOVA_trial_number_main_effect;early_extinction_ANOVA_group_x_cue_type_interaction;late_extinction_ANOVA_trial_number_main_effect;control_difference_between_trials_1_and_2_of_extinction;PTSD_difference_between_trials_2_and_3_of_extinction;acquisition_ANOVA_group_main_effect;group_extinction_group_main_effect;late_extinction_group_main_effect;late_extinction_cue_type_main_effect;late_extinction_group_x_cue_type_interaction;PTSD_difference_between_trials_1_and_2_of_extinction,12,2
346,zuj2017,early_extinction_ANOVA_cue_type_main_effect;early_extinction_ANOVA_trial_number_main_effect;early_extinction_ANOVA_group_x_cue_type_interaction;late_extinction_ANOVA_trial_number_main_effect;control_difference_between_trials_1_and_2_of_extinction;PTSD_difference_between_trials_2_and_3_of_extinction;acquisition_ANOVA_group_main_effect;group_extinction_group_main_effect;late_extinction_group_main_effect;late_extinction_group_x_cue_type_interaction,10,2
347,zuj2017,early_extinction_ANOVA_cue_type_main_effect;early_extinction_ANOVA_trial_number_main_effect;early_extinction_ANOVA_group_x_cue_type_interaction;late_extinction_ANOVA_trial_number_main_effect;control_difference_between_trials_1_and_2_of_extinction;PTSD_difference_between_trials_2_and_3_of_extinction;acquisition_ANOVA_group_main_effect;group_extinction_group_main_effect;late_extinction_group_main_effect;late_extinction_group_x_cue_type_interaction;PTSD_difference_between_trials_1_and_2_of_extinction,11,2
348,zuj2017,early_extinction_ANOVA_cue_type_main_effect;early_extinction_ANOVA_trial_number_main_effect;late_extinction_ANOVA_trial_number_main_effect;acquisition_ANOVA_group_main_effect;group_extinction_group_main_effect;late_extinction_group_main_effect;late_extinction_cue_type_main_effect;late_extinction_group_x_cue_type_interaction,8,2
349,zuj2017,early_extinction_ANOVA_cue_type_main_effect;early_extinction_ANOVA_trial_number_main_effect;late_extinction_ANOVA_trial_number_main_effect;acquisition_ANOVA_group_main_effect;group_extinction_group_main_effect;late_extinction_group_main_effect;late_extinction_group_x_cue_type_interaction;PTSD_difference_between_trials_1_and_2_of_extinction,8,2
350,zuj2017,early_extinction_ANOVA_cue_type_main_effect;early_extinction_ANOVA_trial_number_main_effect;late_extinction_ANOVA_trial_number_main_effect;control_difference_between_trials_1_and_2_of_extinction;acquisition_ANOVA_group_main_effect;group_extinction_group_main_effect;late_extinction_group_main_effect;late_extinction_cue_type_main_effect;late_extinction_group_x_cue_type_interaction;control_difference_between_trials_2_and_3_of_extinction,10,2
351,zuj2017,early_extinction_ANOVA_cue_type_main_effect;early_extinction_ANOVA_trial_number_main_effect;late_extinction_ANOVA_trial_number_main_effect;control_difference_between_trials_1_and_2_of_extinction;acquisition_ANOVA_group_main_effect;group_extinction_group_main_effect;late_extinction_group_x_cue_type_interaction,7,2
352,zuj2017,early_extinction_ANOVA_cue_type_main_effect;early_extinction_ANOVA_trial_number_main_effect;late_extinction_ANOVA_trial_number_main_effect;control_difference_between_trials_1_and_2_of_extinction;acquisition_ANOVA_group_main_effect;group_extinction_group_main_effect;late_extinction_group_x_cue_type_interaction;PTSD_difference_between_trials_1_and_2_of_extinction,8,2
353,zuj2017,early_extinction_ANOVA_cue_type_main_effect;early_extinction_ANOVA_trial_number_main_effect;late_extinction_ANOVA_trial_number_main_effect;control_difference_between_trials_1_and_2_of_extinction;acquisition_ANOVA_group_main_effect;late_extinction_group_main_effect;late_extinction_group_x_cue_type_interaction,7,2
354,zuj2017,early_extinction_ANOVA_cue_type_main_effect;early_extinction_ANOVA_trial_number_main_effect;late_extinction_ANOVA_trial_number_main_effect;control_difference_between_trials_1_and_2_of_extinction;acquisition_ANOVA_group_main_effect;late_extinction_group_main_effect;late_extinction_group_x_cue_type_interaction;PTSD_difference_between_trials_1_and_2_of_extinction,8,2
355,zuj2017,early_extinction_ANOVA_cue_type_main_effect;early_extinction_ANOVA_trial_number_main_effect;late_extinction_ANOVA_trial_number_main_effect;control_difference_between_trials_1_and_2_of_extinction;acquisition_ANOVA_group_main_effect;late_extinction_group_main_effect;late_extinction_group_x_cue_type_interaction;PTSD_difference_between_trials_1_and_2_of_extinction;control_difference_between_trials_2_and_3_of_extinction,9,2
356,zuj2017,early_extinction_ANOVA_cue_type_main_effect;early_extinction_ANOVA_trial_number_main_effect;late_extinction_ANOVA_trial_number_main_effect;control_difference_between_trials_1_and_2_of_extinction;group_extinction_group_main_effect;late_extinction_group_main_effect;late_extinction_cue_type_main_effect;late_extinction_group_x_cue_type_interaction,8,2
357,zuj2017,early_extinction_ANOVA_cue_type_main_effect;early_extinction_ANOVA_trial_number_main_effect;late_extinction_ANOVA_trial_number_main_effect;control_difference_between_trials_1_and_2_of_extinction;group_extinction_group_main_effect;late_extinction_group_main_effect;late_extinction_group_x_cue_type_interaction;control_difference_between_trials_2_and_3_of_extinction,8,2
358,zuj2017,early_extinction_ANOVA_cue_type_main_effect;early_extinction_ANOVA_trial_number_main_effect;late_extinction_ANOVA_trial_number_main_effect;control_difference_between_trials_1_and_2_of_extinction;PTSD_difference_between_trials_2_and_3_of_extinction;acquisition_ANOVA_group_main_effect;group_extinction_group_main_effect;late_extinction_group_main_effect;late_extinction_cue_type_main_effect;late_extinction_group_x_cue_type_interaction;PTSD_difference_between_trials_1_and_2_of_extinction;control_difference_between_trials_2_and_3_of_extinction,12,2
359,zuj2017,early_extinction_ANOVA_cue_type_main_effect;early_extinction_ANOVA_trial_number_main_effect;late_extinction_ANOVA_trial_number_main_effect;control_difference_between_trials_1_and_2_of_extinction;PTSD_difference_between_trials_2_and_3_of_extinction;acquisition_ANOVA_group_main_effect;group_extinction_group_main_effect;late_extinction_group_main_effect;PTSD_difference_between_trials_1_and_2_of_extinction;control_difference_between_trials_2_and_3_of_extinction,10,2
360,zuj2017,early_extinction_ANOVA_cue_type_main_effect;early_extinction_ANOVA_trial_number_main_effect;late_extinction_ANOVA_trial_number_main_effect;control_difference_between_trials_1_and_2_of_extinction;PTSD_difference_between_trials_2_and_3_of_extinction;acquisition_ANOVA_group_main_effect;late_extinction_group_main_effect;late_extinction_cue_type_main_effect;late_extinction_group_x_cue_type_interaction,9,2
361,zuj2017,early_extinction_ANOVA_cue_type_main_effect;early_extinction_ANOVA_trial_number_main_effect;late_extinction_ANOVA_trial_number_main_effect;PTSD_difference_between_trials_2_and_3_of_extinction;acquisition_ANOVA_group_main_effect;group_extinction_group_main_effect;late_extinction_group_main_effect;late_extinction_cue_type_main_effect;late_extinction_group_x_cue_type_interaction,9,2
362,zuj2017,early_extinction_ANOVA_cue_type_main_effect;early_extinction_ANOVA_trial_number_main_effect;late_extinction_ANOVA_trial_number_main_effect;PTSD_difference_between_trials_2_and_3_of_extinction;acquisition_ANOVA_group_main_effect;group_extinction_group_main_effect;late_extinction_group_main_effect;late_extinction_group_x_cue_type_interaction;PTSD_difference_between_trials_1_and_2_of_extinction;control_difference_between_trials_2_and_3_of_extinction,10,2
363,zuj2017,early_extinction_ANOVA_cue_type_main_effect;early_extinction_ANOVA_trial_number_main_effect;PTSD_difference_between_trials_2_and_3_of_extinction;acquisition_ANOVA_group_main_effect;group_extinction_group_main_effect;late_extinction_group_main_effect;late_extinction_group_x_cue_type_interaction;control_difference_between_trials_2_and_3_of_extinction,8,2
364,zuj2017,early_extinction_ANOVA_cue_type_main_effect;early_extinction_ANOVA_trial_number_main_effect;acquisition_ANOVA_group_main_effect;group_extinction_group_main_effect;late_extinction_group_main_effect;late_extinction_cue_type_main_effect,6,1
365,zuj2017,early_extinction_ANOVA_cue_type_main_effect;early_extinction_ANOVA_trial_number_main_effect;acquisition_ANOVA_group_main_effect;group_extinction_group_main_effect;late_extinction_group_main_effect;late_extinction_cue_type_main_effect;late_extinction_group_x_cue_type_interaction;control_difference_between_trials_2_and_3_of_extinction,8,1
366,zuj2017,early_extinction_ANOVA_cue_type_main_effect;early_extinction_ANOVA_trial_number_main_effect;acquisition_ANOVA_group_main_effect;group_extinction_group_main_effect;late_extinction_group_main_effect;late_extinction_cue_type_main_effect;late_extinction_group_x_cue_type_interaction;PTSD_difference_between_trials_1_and_2_of_extinction,8,1
367,zuj2017,early_extinction_ANOVA_cue_type_main_effect;early_extinction_ANOVA_trial_number_main_effect;acquisition_ANOVA_group_main_effect;group_extinction_group_main_effect;late_extinction_group_main_effect;late_extinction_group_x_cue_type_interaction;PTSD_difference_between_trials_1_and_2_of_extinction;control_difference_between_trials_2_and_3_of_extinction,8,1
368,zuj2017,early_extinction_ANOVA_cue_type_main_effect;early_extinction_ANOVA_trial_number_main_effect;acquisition_ANOVA_group_main_effect;group_extinction_group_main_effect;late_extinction_group_main_effect;PTSD_difference_between_trials_1_and_2_of_extinction,6,1
369,zuj2017,early_extinction_ANOVA_cue_type_main_effect;early_extinction_ANOVA_trial_number_main_effect;acquisition_ANOVA_group_main_effect;late_extinction_group_main_effect;late_extinction_group_x_cue_type_interaction,5,1
370,zuj2017,early_extinction_ANOVA_cue_type_main_effect;early_extinction_ANOVA_trial_number_main_effect;control_difference_between_trials_1_and_2_of_extinction;acquisition_ANOVA_group_main_effect;group_extinction_group_main_effect;late_extinction_cue_type_main_effect;late_extinction_group_x_cue_type_interaction;PTSD_difference_between_trials_1_and_2_of_extinction,8,1
371,zuj2017,early_extinction_ANOVA_cue_type_main_effect;early_extinction_ANOVA_trial_number_main_effect;control_difference_between_trials_1_and_2_of_extinction;acquisition_ANOVA_group_main_effect;group_extinction_group_main_effect;late_extinction_group_main_effect;control_difference_between_trials_2_and_3_of_extinction,7,1
372,zuj2017,early_extinction_ANOVA_cue_type_main_effect;early_extinction_ANOVA_trial_number_main_effect;control_difference_between_trials_1_and_2_of_extinction;acquisition_ANOVA_group_main_effect;group_extinction_group_main_effect;late_extinction_group_main_effect;late_extinction_cue_type_main_effect;control_difference_between_trials_2_and_3_of_extinction,8,1
373,zuj2017,early_extinction_ANOVA_cue_type_main_effect;early_extinction_ANOVA_trial_number_main_effect;control_difference_between_trials_1_and_2_of_extinction;acquisition_ANOVA_group_main_effect;group_extinction_group_main_effect;late_extinction_group_main_effect;late_extinction_cue_type_main_effect;PTSD_difference_between_trials_1_and_2_of_extinction,8,1
374,zuj2017,early_extinction_ANOVA_cue_type_main_effect;early_extinction_ANOVA_trial_number_main_effect;control_difference_between_trials_1_and_2_of_extinction;acquisition_ANOVA_group_main_effect;group_extinction_group_main_effect;late_extinction_group_main_effect;late_extinction_cue_type_main_effect;PTSD_difference_between_trials_1_and_2_of_extinction;control_difference_between_trials_2_and_3_of_extinction,9,1
375,zuj2017,early_extinction_ANOVA_cue_type_main_effect;early_extinction_ANOVA_trial_number_main_effect;control_difference_between_trials_1_and_2_of_extinction;acquisition_ANOVA_group_main_effect;group_extinction_group_main_effect;late_extinction_group_main_effect;PTSD_difference_between_trials_1_and_2_of_extinction;control_difference_between_trials_2_and_3_of_extinction,8,1
376,zuj2017,early_extinction_ANOVA_cue_type_main_effect;early_extinction_ANOVA_trial_number_main_effect;control_difference_between_trials_1_and_2_of_extinction;acquisition_ANOVA_group_main_effect;group_extinction_group_main_effect;late_extinction_group_x_cue_type_interaction;PTSD_difference_between_trials_1_and_2_of_extinction,7,1
377,zuj2017,early_extinction_ANOVA_cue_type_main_effect;early_extinction_ANOVA_trial_number_main_effect;control_difference_between_trials_1_and_2_of_extinction;acquisition_ANOVA_group_main_effect;late_extinction_group_main_effect;late_extinction_cue_type_main_effect;late_extinction_group_x_cue_type_interaction;PTSD_difference_between_trials_1_and_2_of_extinction;control_difference_between_trials_2_and_3_of_extinction,9,1
378,zuj2017,early_extinction_ANOVA_cue_type_main_effect;early_extinction_ANOVA_trial_number_main_effect;control_difference_between_trials_1_and_2_of_extinction;acquisition_ANOVA_group_main_effect;late_extinction_group_main_effect;late_extinction_group_x_cue_type_interaction;PTSD_difference_between_trials_1_and_2_of_extinction,7,1
379,zuj2017,early_extinction_ANOVA_cue_type_main_effect;early_extinction_ANOVA_trial_number_main_effect;control_difference_between_trials_1_and_2_of_extinction;acquisition_ANOVA_group_main_effect;late_extinction_group_x_cue_type_interaction,5,1
380,zuj2017,early_extinction_ANOVA_cue_type_main_effect;early_extinction_ANOVA_trial_number_main_effect;control_difference_between_trials_1_and_2_of_extinction;acquisition_ANOVA_group_main_effect;late_extinction_group_x_cue_type_interaction;control_difference_between_trials_2_and_3_of_extinction,6,1
381,zuj2017,early_extinction_ANOVA_cue_type_main_effect;early_extinction_ANOVA_trial_number_main_effect;control_difference_between_trials_1_and_2_of_extinction;group_extinction_group_main_effect;late_extinction_group_main_effect;late_extinction_cue_type_main_effect;late_extinction_group_x_cue_type_interaction,7,1
382,zuj2017,early_extinction_ANOVA_cue_type_main_effect;early_extinction_ANOVA_trial_number_main_effect;control_difference_between_trials_1_and_2_of_extinction;group_extinction_group_main_effect;late_extinction_group_main_effect;late_extinction_cue_type_main_effect;late_extinction_group_x_cue_type_interaction;PTSD_difference_between_trials_1_and_2_of_extinction,8,1
383,zuj2017,early_extinction_ANOVA_cue_type_main_effect;early_extinction_ANOVA_trial_number_main_effect;control_difference_between_trials_1_and_2_of_extinction;group_extinction_group_main_effect;late_extinction_group_main_effect;late_extinction_group_x_cue_type_interaction;PTSD_difference_between_trials_1_and_2_of_extinction;control_difference_between_trials_2_and_3_of_extinction,8,1
384,zuj2017,early_extinction_ANOVA_cue_type_main_effect;early_extinction_ANOVA_trial_number_main_effect;control_difference_between_trials_1_and_2_of_extinction;PTSD_difference_between_trials_2_and_3_of_extinction;acquisition_ANOVA_group_main_effect;group_extinction_group_main_effect;late_extinction_cue_type_main_effect;late_extinction_group_x_cue_type_interaction,8,1
385,zuj2017,early_extinction_ANOVA_cue_type_main_effect;early_extinction_ANOVA_trial_number_main_effect;control_difference_between_trials_1_and_2_of_extinction;PTSD_difference_between_trials_2_and_3_of_extinction;acquisition_ANOVA_group_main_effect;group_extinction_group_main_effect;late_extinction_cue_type_main_effect;late_extinction_group_x_cue_type_interaction;PTSD_difference_between_trials_1_and_2_of_extinction;control_difference_between_trials_2_and_3_of_extinction,10,1
386,zuj2017,early_extinction_ANOVA_cue_type_main_effect;early_extinction_ANOVA_trial_number_main_effect;control_difference_between_trials_1_and_2_of_extinction;PTSD_difference_between_trials_2_and_3_of_extinction;acquisition_ANOVA_group_main_effect;group_extinction_group_main_effect;late_extinction_group_main_effect;control_difference_between_trials_2_and_3_of_extinction,8,1
387,zuj2017,early_extinction_ANOVA_cue_type_main_effect;early_extinction_ANOVA_trial_number_main_effect;control_difference_between_trials_1_and_2_of_extinction;PTSD_difference_between_trials_2_and_3_of_extinction;acquisition_ANOVA_group_main_effect;group_extinction_group_main_effect;late_extinction_group_main_effect;late_extinction_cue_type_main_effect;PTSD_difference_between_trials_1_and_2_of_extinction,9,1
388,zuj2017,early_extinction_ANOVA_cue_type_main_effect;early_extinction_ANOVA_trial_number_main_effect;control_difference_between_trials_1_and_2_of_extinction;PTSD_difference_between_trials_2_and_3_of_extinction;acquisition_ANOVA_group_main_effect;group_extinction_group_main_effect;late_extinction_group_x_cue_type_interaction;control_difference_between_trials_2_and_3_of_extinction,8,1
389,zuj2017,early_extinction_ANOVA_cue_type_main_effect;early_extinction_ANOVA_trial_number_main_effect;control_difference_between_trials_1_and_2_of_extinction;PTSD_difference_between_trials_2_and_3_of_extinction;acquisition_ANOVA_group_main_effect;group_extinction_group_main_effect;late_extinction_group_x_cue_type_interaction;PTSD_difference_between_trials_1_and_2_of_extinction;control_difference_between_trials_2_and_3_of_extinction,9,1
390,zuj2017,early_extinction_ANOVA_cue_type_main_effect;early_extinction_ANOVA_trial_number_main_effect;control_difference_between_trials_1_and_2_of_extinction;PTSD_difference_between_trials_2_and_3_of_extinction;acquisition_ANOVA_group_main_effect;late_extinction_cue_type_main_effect;late_extinction_group_x_cue_type_interaction;PTSD_difference_between_trials_1_and_2_of_extinction,8,1
391,zuj2017,early_extinction_ANOVA_cue_type_main_effect;early_extinction_ANOVA_trial_number_main_effect;control_difference_between_trials_1_and_2_of_extinction;PTSD_difference_between_trials_2_and_3_of_extinction;acquisition_ANOVA_group_main_effect;late_extinction_group_main_effect;control_difference_between_trials_2_and_3_of_extinction,7,1
392,zuj2017,early_extinction_ANOVA_cue_type_main_effect;early_extinction_ANOVA_trial_number_main_effect;control_difference_between_trials_1_and_2_of_extinction;PTSD_difference_between_trials_2_and_3_of_extinction;acquisition_ANOVA_group_main_effect;late_extinction_group_main_effect;late_extinction_cue_type_main_effect;late_extinction_group_x_cue_type_interaction;control_difference_between_trials_2_and_3_of_extinction,9,1
393,zuj2017,early_extinction_ANOVA_cue_type_main_effect;early_extinction_ANOVA_trial_number_main_effect;control_difference_between_trials_1_and_2_of_extinction;PTSD_difference_between_trials_2_and_3_of_extinction;group_extinction_group_main_effect;late_extinction_group_main_effect;late_extinction_cue_type_main_effect;late_extinction_group_x_cue_type_interaction;control_difference_between_trials_2_and_3_of_extinction,9,1
394,zuj2017,early_extinction_ANOVA_cue_type_main_effect;early_extinction_ANOVA_trial_number_main_effect;control_difference_between_trials_1_and_2_of_extinction;PTSD_difference_between_trials_2_and_3_of_extinction;group_extinction_group_main_effect;late_extinction_group_main_effect;late_extinction_group_x_cue_type_interaction;control_difference_between_trials_2_and_3_of_extinction,8,1
395,zuj2017,early_extinction_ANOVA_cue_type_main_effect;early_extinction_ANOVA_trial_number_main_effect;control_difference_between_trials_1_and_2_of_extinction;PTSD_difference_between_trials_2_and_3_of_extinction;group_extinction_group_main_effect;late_extinction_group_x_cue_type_interaction;PTSD_difference_between_trials_1_and_2_of_extinction,7,1
396,zuj2017,early_extinction_ANOVA_cue_type_main_effect;early_extinction_ANOVA_trial_number_main_effect;early_extinction_ANOVA_group_x_cue_type_interaction;acquisition_ANOVA_group_main_effect;group_extinction_group_main_effect;late_extinction_group_main_effect;late_extinction_group_x_cue_type_interaction;PTSD_difference_between_trials_1_and_2_of_extinction,8,1
397,zuj2017,early_extinction_ANOVA_cue_type_main_effect;early_extinction_ANOVA_trial_number_main_effect;early_extinction_ANOVA_group_x_cue_type_interaction;control_difference_between_trials_1_and_2_of_extinction;acquisition_ANOVA_group_main_effect;group_extinction_group_main_effect;late_extinction_group_main_effect;late_extinction_cue_type_main_effect;late_extinction_group_x_cue_type_interaction;PTSD_difference_between_trials_1_and_2_of_extinction;control_difference_between_trials_2_and_3_of_extinction,11,1
398,zuj2017,early_extinction_ANOVA_cue_type_main_effect;early_extinction_ANOVA_trial_number_main_effect;early_extinction_ANOVA_group_x_cue_type_interaction;control_difference_between_trials_1_and_2_of_extinction;acquisition_ANOVA_group_main_effect;group_extinction_group_main_effect;late_extinction_group_main_effect;late_extinction_group_x_cue_type_interaction;PTSD_difference_between_trials_1_and_2_of_extinction;control_difference_between_trials_2_and_3_of_extinction,10,1
399,zuj2017,early_extinction_ANOVA_cue_type_main_effect;early_extinction_ANOVA_trial_number_main_effect;early_extinction_ANOVA_group_x_cue_type_interaction;control_difference_between_trials_1_and_2_of_extinction;acquisition_ANOVA_group_main_effect;group_extinction_group_main_effect;late_extinction_group_x_cue_type_interaction,7,1
400,zuj2017,early_extinction_ANOVA_cue_type_main_effect;early_extinction_ANOVA_trial_number_main_effect;early_extinction_ANOVA_group_x_cue_type_interaction;control_difference_between_trials_1_and_2_of_extinction;acquisition_ANOVA_group_main_effect;group_extinction_group_main_effect;late_extinction_group_x_cue_type_interaction;control_difference_between_trials_2_and_3_of_extinction,8,1
401,zuj2017,early_extinction_ANOVA_cue_type_main_effect;early_extinction_ANOVA_trial_number_main_effect;early_extinction_ANOVA_group_x_cue_type_interaction;control_difference_between_trials_1_and_2_of_extinction;acquisition_ANOVA_group_main_effect;group_extinction_group_main_effect;late_extinction_group_x_cue_type_interaction;PTSD_difference_between_trials_1_and_2_of_extinction,8,1
402,zuj2017,early_extinction_ANOVA_cue_type_main_effect;early_extinction_ANOVA_trial_number_main_effect;early_extinction_ANOVA_group_x_cue_type_interaction;control_difference_between_trials_1_and_2_of_extinction;acquisition_ANOVA_group_main_effect;late_extinction_group_main_effect;late_extinction_cue_type_main_effect;late_extinction_group_x_cue_type_interaction;control_difference_between_trials_2_and_3_of_extinction,9,1
403,zuj2017,early_extinction_ANOVA_cue_type_main_effect;early_extinction_ANOVA_trial_number_main_effect;early_extinction_ANOVA_group_x_cue_type_interaction;control_difference_between_trials_1_and_2_of_extinction;acquisition_ANOVA_group_main_effect;late_extinction_group_main_effect;late_extinction_group_x_cue_type_interaction,7,1
404,zuj2017,early_extinction_ANOVA_cue_type_main_effect;early_extinction_ANOVA_trial_number_main_effect;early_extinction_ANOVA_group_x_cue_type_interaction;control_difference_between_trials_1_and_2_of_extinction;acquisition_ANOVA_group_main_effect;late_extinction_group_x_cue_type_interaction;control_difference_between_trials_2_and_3_of_extinction,7,1
405,zuj2017,early_extinction_ANOVA_cue_type_main_effect;early_extinction_ANOVA_trial_number_main_effect;early_extinction_ANOVA_group_x_cue_type_interaction;control_difference_between_trials_1_and_2_of_extinction;group_extinction_group_main_effect;late_extinction_group_main_effect;late_extinction_cue_type_main_effect;late_extinction_group_x_cue_type_interaction;PTSD_difference_between_trials_1_and_2_of_extinction;control_difference_between_trials_2_and_3_of_extinction,10,1
406,zuj2017,early_extinction_ANOVA_cue_type_main_effect;early_extinction_ANOVA_trial_number_main_effect;early_extinction_ANOVA_group_x_cue_type_interaction;control_difference_between_trials_1_and_2_of_extinction;group_extinction_group_main_effect;late_extinction_group_main_effect;late_extinction_group_x_cue_type_interaction;control_difference_between_trials_2_and_3_of_extinction,8,1
407,zuj2017,early_extinction_ANOVA_cue_type_main_effect;early_extinction_ANOVA_trial_number_main_effect;early_extinction_ANOVA_group_x_cue_type_interaction;control_difference_between_trials_1_and_2_of_extinction;group_extinction_group_main_effect;late_extinction_group_main_effect;late_extinction_group_x_cue_type_interaction;PTSD_difference_between_trials_1_and_2_of_extinction,8,1
408,zuj2017,early_extinction_ANOVA_cue_type_main_effect;early_extinction_ANOVA_trial_number_main_effect;early_extinction_ANOVA_group_x_cue_type_interaction;control_difference_between_trials_1_and_2_of_extinction;PTSD_difference_between_trials_2_and_3_of_extinction;acquisition_ANOVA_group_main_effect;group_extinction_group_main_effect;late_extinction_group_main_effect,8,1
409,zuj2017,early_extinction_ANOVA_cue_type_main_effect;early_extinction_ANOVA_trial_number_main_effect;early_extinction_ANOVA_group_x_cue_type_interaction;control_difference_between_trials_1_and_2_of_extinction;PTSD_difference_between_trials_2_and_3_of_extinction;acquisition_ANOVA_group_main_effect;group_extinction_group_main_effect;late_extinction_group_main_effect;late_extinction_cue_type_main_effect;late_extinction_group_x_cue_type_interaction,10,1
410,zuj2017,early_extinction_ANOVA_cue_type_main_effect;early_extinction_ANOVA_trial_number_main_effect;early_extinction_ANOVA_group_x_cue_type_interaction;control_difference_between_trials_1_and_2_of_extinction;PTSD_difference_between_trials_2_and_3_of_extinction;acquisition_ANOVA_group_main_effect;group_extinction_group_main_effect;late_extinction_group_main_effect;late_extinction_cue_type_main_effect;late_extinction_group_x_cue_type_interaction;control_difference_between_trials_2_and_3_of_extinction,11,1
411,zuj2017,early_extinction_ANOVA_cue_type_main_effect;early_extinction_ANOVA_trial_number_main_effect;early_extinction_ANOVA_group_x_cue_type_interaction;control_difference_between_trials_1_and_2_of_extinction;PTSD_difference_between_trials_2_and_3_of_extinction;acquisition_ANOVA_group_main_effect;group_extinction_group_main_effect;late_extinction_group_main_effect;late_extinction_cue_type_main_effect;late_extinction_group_x_cue_type_interaction;PTSD_difference_between_trials_1_and_2_of_extinction;control_difference_between_trials_2_and_3_of_extinction,12,1
412,zuj2017,early_extinction_ANOVA_cue_type_main_effect;early_extinction_ANOVA_trial_number_main_effect;early_extinction_ANOVA_group_x_cue_type_interaction;control_difference_between_trials_1_and_2_of_extinction;PTSD_difference_between_trials_2_and_3_of_extinction;acquisition_ANOVA_group_main_effect;group_extinction_group_main_effect;late_extinction_group_main_effect;PTSD_difference_between_trials_1_and_2_of_extinction;control_difference_between_trials_2_and_3_of_extinction,10,1
413,zuj2017,early_extinction_ANOVA_cue_type_main_effect;early_extinction_ANOVA_trial_number_main_effect;early_extinction_ANOVA_group_x_cue_type_interaction;control_difference_between_trials_1_and_2_of_extinction;PTSD_difference_between_trials_2_and_3_of_extinction;acquisition_ANOVA_group_main_effect;group_extinction_group_main_effect;late_extinction_group_x_cue_type_interaction;PTSD_difference_between_trials_1_and_2_of_extinction;control_difference_between_trials_2_and_3_of_extinction,10,1
414,zuj2017,early_extinction_ANOVA_cue_type_main_effect;early_extinction_ANOVA_trial_number_main_effect;early_extinction_ANOVA_group_x_cue_type_interaction;control_difference_between_trials_1_and_2_of_extinction;PTSD_difference_between_trials_2_and_3_of_extinction;acquisition_ANOVA_group_main_effect;late_extinction_group_main_effect;late_extinction_cue_type_main_effect;late_extinction_group_x_cue_type_interaction,9,1
415,zuj2017,early_extinction_ANOVA_cue_type_main_effect;early_extinction_ANOVA_trial_number_main_effect;early_extinction_ANOVA_group_x_cue_type_interaction;control_difference_between_trials_1_and_2_of_extinction;PTSD_difference_between_trials_2_and_3_of_extinction;group_extinction_group_main_effect;late_extinction_group_main_effect;late_extinction_group_x_cue_type_interaction;PTSD_difference_between_trials_1_and_2_of_extinction,9,1
416,zuj2017,early_extinction_ANOVA_cue_type_main_effect;early_extinction_ANOVA_trial_number_main_effect;early_extinction_ANOVA_group_x_cue_type_interaction;control_difference_between_trials_1_and_2_of_extinction;PTSD_difference_between_trials_2_and_3_of_extinction;group_extinction_group_main_effect;late_extinction_group_main_effect;late_extinction_group_x_cue_type_interaction;PTSD_difference_between_trials_1_and_2_of_extinction;control_difference_between_trials_2_and_3_of_extinction,10,1
417,zuj2017,early_extinction_ANOVA_cue_type_main_effect;early_extinction_ANOVA_trial_number_main_effect;early_extinction_ANOVA_group_x_cue_type_interaction;late_extinction_ANOVA_trial_number_main_effect;acquisition_ANOVA_group_main_effect;group_extinction_group_main_effect;late_extinction_group_main_effect;late_extinction_cue_type_main_effect;late_extinction_group_x_cue_type_interaction,9,1
418,zuj2017,early_extinction_ANOVA_cue_type_main_effect;early_extinction_ANOVA_trial_number_main_effect;early_extinction_ANOVA_group_x_cue_type_interaction;late_extinction_ANOVA_trial_number_main_effect;control_difference_between_trials_1_and_2_of_extinction;acquisition_ANOVA_group_main_effect;group_extinction_group_main_effect;late_extinction_group_main_effect,8,1
419,zuj2017,early_extinction_ANOVA_cue_type_main_effect;early_extinction_ANOVA_trial_number_main_effect;early_extinction_ANOVA_group_x_cue_type_interaction;late_extinction_ANOVA_trial_number_main_effect;control_difference_between_trials_1_and_2_of_extinction;acquisition_ANOVA_group_main_effect;group_extinction_group_main_effect;late_extinction_group_main_effect;control_difference_between_trials_2_and_3_of_extinction,9,1
420,zuj2017,early_extinction_ANOVA_cue_type_main_effect;early_extinction_ANOVA_trial_number_main_effect;early_extinction_ANOVA_group_x_cue_type_interaction;late_extinction_ANOVA_trial_number_main_effect;control_difference_between_trials_1_and_2_of_extinction;acquisition_ANOVA_group_main_effect;group_extinction_group_main_effect;late_extinction_group_main_effect;late_extinction_group_x_cue_type_interaction,9,1
421,zuj2017,early_extinction_ANOVA_cue_type_main_effect;early_extinction_ANOVA_trial_number_main_effect;early_extinction_ANOVA_group_x_cue_type_interaction;late_extinction_ANOVA_trial_number_main_effect;control_difference_between_trials_1_and_2_of_extinction;acquisition_ANOVA_group_main_effect;group_extinction_group_main_effect;late_extinction_group_main_effect;late_extinction_group_x_cue_type_interaction;control_difference_between_trials_2_and_3_of_extinction,10,1
422,zuj2017,early_extinction_ANOVA_cue_type_main_effect;early_extinction_ANOVA_trial_number_main_effect;early_extinction_ANOVA_group_x_cue_type_interaction;late_extinction_ANOVA_trial_number_main_effect;control_difference_between_trials_1_and_2_of_extinction;acquisition_ANOVA_group_main_effect;late_extinction_group_main_effect;late_extinction_cue_type_main_effect;late_extinction_group_x_cue_type_interaction,9,1
423,zuj2017,early_extinction_ANOVA_cue_type_main_effect;early_extinction_ANOVA_trial_number_main_effect;early_extinction_ANOVA_group_x_cue_type_interaction;late_extinction_ANOVA_trial_number_main_effect;control_difference_between_trials_1_and_2_of_extinction;acquisition_ANOVA_group_main_effect;late_extinction_group_main_effect;late_extinction_cue_type_main_effect;late_extinction_group_x_cue_type_interaction;PTSD_difference_between_trials_1_and_2_of_extinction,10,1
424,zuj2017,early_extinction_ANOVA_cue_type_main_effect;early_extinction_ANOVA_trial_number_main_effect;early_extinction_ANOVA_group_x_cue_type_interaction;late_extinction_ANOVA_trial_number_main_effect;control_difference_between_trials_1_and_2_of_extinction;acquisition_ANOVA_group_main_effect;late_extinction_group_main_effect;late_extinction_group_x_cue_type_interaction;control_difference_between_trials_2_and_3_of_extinction,9,1
425,zuj2017,early_extinction_ANOVA_cue_type_main_effect;early_extinction_ANOVA_trial_number_main_effect;early_extinction_ANOVA_group_x_cue_type_interaction;late_extinction_ANOVA_trial_number_main_effect;control_difference_between_trials_1_and_2_of_extinction;acquisition_ANOVA_group_main_effect;late_extinction_group_main_effect;late_extinction_group_x_cue_type_interaction;PTSD_difference_between_trials_1_and_2_of_extinction,9,1
426,zuj2017,early_extinction_ANOVA_cue_type_main_effect;early_extinction_ANOVA_trial_number_main_effect;early_extinction_ANOVA_group_x_cue_type_interaction;late_extinction_ANOVA_trial_number_main_effect;control_difference_between_trials_1_and_2_of_extinction;PTSD_difference_between_trials_2_and_3_of_extinction;acquisition_ANOVA_group_main_effect;group_extinction_group_main_effect;late_extinction_group_main_effect;late_extinction_group_x_cue_type_interaction;control_difference_between_trials_2_and_3_of_extinction,11,1
427,zuj2017,early_extinction_ANOVA_cue_type_main_effect;early_extinction_ANOVA_trial_number_main_effect;early_extinction_ANOVA_group_x_cue_type_interaction;late_extinction_ANOVA_trial_number_main_effect;control_difference_between_trials_1_and_2_of_extinction;PTSD_difference_between_trials_2_and_3_of_extinction;acquisition_ANOVA_group_main_effect;group_extinction_group_main_effect;late_extinction_group_main_effect;late_extinction_group_x_cue_type_interaction;PTSD_difference_between_trials_1_and_2_of_extinction;control_difference_between_trials_2_and_3_of_extinction,12,1
428,zuj2017,early_extinction_ANOVA_cue_type_main_effect;early_extinction_ANOVA_trial_number_main_effect;early_extinction_ANOVA_group_x_cue_type_interaction;late_extinction_ANOVA_trial_number_main_effect;control_difference_between_trials_1_and_2_of_extinction;PTSD_difference_between_trials_2_and_3_of_extinction;acquisition_ANOVA_group_main_effect;late_extinction_group_main_effect;late_extinction_cue_type_main_effect;late_extinction_group_x_cue_type_interaction;PTSD_difference_between_trials_1_and_2_of_extinction;control_difference_between_trials_2_and_3_of_extinction,12,1
429,zuj2017,early_extinction_ANOVA_cue_type_main_effect;early_extinction_ANOVA_trial_number_main_effect;early_extinction_ANOVA_group_x_cue_type_interaction;late_extinction_ANOVA_trial_number_main_effect;control_difference_between_trials_1_and_2_of_extinction;PTSD_difference_between_trials_2_and_3_of_extinction;acquisition_ANOVA_group_main_effect;late_extinction_group_x_cue_type_interaction;PTSD_difference_between_trials_1_and_2_of_extinction,9,1
430,zuj2017,early_extinction_ANOVA_cue_type_main_effect;early_extinction_ANOVA_trial_number_main_effect;early_extinction_ANOVA_group_x_cue_type_interaction;late_extinction_ANOVA_trial_number_main_effect;control_difference_between_trials_1_and_2_of_extinction;PTSD_difference_between_trials_2_and_3_of_extinction;group_extinction_group_main_effect;late_extinction_group_main_effect;late_extinction_cue_type_main_effect;late_extinction_group_x_cue_type_interaction,10,1
431,zuj2017,early_extinction_ANOVA_cue_type_main_effect;early_extinction_ANOVA_trial_number_main_effect;early_extinction_ANOVA_group_x_cue_type_interaction;late_extinction_ANOVA_trial_number_main_effect;control_difference_between_trials_1_and_2_of_extinction;PTSD_difference_between_trials_2_and_3_of_extinction;group_extinction_group_main_effect;late_extinction_group_main_effect;late_extinction_group_x_cue_type_interaction;PTSD_difference_between_trials_1_and_2_of_extinction;control_difference_between_trials_2_and_3_of_extinction,11,1
432,zuj2017,early_extinction_ANOVA_cue_type_main_effect;early_extinction_ANOVA_trial_number_main_effect;early_extinction_ANOVA_group_x_cue_type_interaction;late_extinction_ANOVA_trial_number_main_effect;PTSD_difference_between_trials_2_and_3_of_extinction;acquisition_ANOVA_group_main_effect;group_extinction_group_main_effect;late_extinction_group_main_effect;late_extinction_group_x_cue_type_interaction;PTSD_difference_between_trials_1_and_2_of_extinction,10,1
433,zuj2017,early_extinction_ANOVA_cue_type_main_effect;early_extinction_ANOVA_trial_number_main_effect;late_extinction_ANOVA_trial_number_main_effect;acquisition_ANOVA_group_main_effect;group_extinction_group_main_effect;late_extinction_group_main_effect,6,1
434,zuj2017,early_extinction_ANOVA_cue_type_main_effect;early_extinction_ANOVA_trial_number_main_effect;late_extinction_ANOVA_trial_number_main_effect;acquisition_ANOVA_group_main_effect;late_extinction_group_main_effect;late_extinction_cue_type_main_effect;late_extinction_group_x_cue_type_interaction,7,1
435,zuj2017,early_extinction_ANOVA_cue_type_main_effect;early_extinction_ANOVA_trial_number_main_effect;late_extinction_ANOVA_trial_number_main_effect;control_difference_between_trials_1_and_2_of_extinction;acquisition_ANOVA_group_main_effect;group_extinction_group_main_effect;late_extinction_cue_type_main_effect;late_extinction_group_x_cue_type_interaction;PTSD_difference_between_trials_1_and_2_of_extinction,9,1
436,zuj2017,early_extinction_ANOVA_cue_type_main_effect;early_extinction_ANOVA_trial_number_main_effect;late_extinction_ANOVA_trial_number_main_effect;control_difference_between_trials_1_and_2_of_extinction;acquisition_ANOVA_group_main_effect;group_extinction_group_main_effect;late_extinction_group_main_effect;late_extinction_cue_type_main_effect;late_extinction_group_x_cue_type_interaction;PTSD_difference_between_trials_1_and_2_of_extinction;control_difference_between_trials_2_and_3_of_extinction,11,1
437,zuj2017,early_extinction_ANOVA_cue_type_main_effect;early_extinction_ANOVA_trial_number_main_effect;late_extinction_ANOVA_trial_number_main_effect;control_difference_between_trials_1_and_2_of_extinction;acquisition_ANOVA_group_main_effect;group_extinction_group_main_effect;late_extinction_group_x_cue_type_interaction;control_difference_between_trials_2_and_3_of_extinction,8,1
438,zuj2017,early_extinction_ANOVA_cue_type_main_effect;early_extinction_ANOVA_trial_number_main_effect;late_extinction_ANOVA_trial_number_main_effect;control_difference_between_trials_1_and_2_of_extinction;acquisition_ANOVA_group_main_effect;group_extinction_group_main_effect;PTSD_difference_between_trials_1_and_2_of_extinction,7,1
439,zuj2017,early_extinction_ANOVA_cue_type_main_effect;early_extinction_ANOVA_trial_number_main_effect;late_extinction_ANOVA_trial_number_main_effect;control_difference_between_trials_1_and_2_of_extinction;acquisition_ANOVA_group_main_effect;late_extinction_group_main_effect,6,1
440,zuj2017,early_extinction_ANOVA_cue_type_main_effect;early_extinction_ANOVA_trial_number_main_effect;late_extinction_ANOVA_trial_number_main_effect;control_difference_between_trials_1_and_2_of_extinction;acquisition_ANOVA_group_main_effect;late_extinction_group_main_effect;late_extinction_group_x_cue_type_interaction;control_difference_between_trials_2_and_3_of_extinction,8,1
441,zuj2017,early_extinction_ANOVA_cue_type_main_effect;early_extinction_ANOVA_trial_number_main_effect;late_extinction_ANOVA_trial_number_main_effect;control_difference_between_trials_1_and_2_of_extinction;group_extinction_group_main_effect;late_extinction_group_main_effect;late_extinction_cue_type_main_effect;late_extinction_group_x_cue_type_interaction;control_difference_between_trials_2_and_3_of_extinction,9,1
442,zuj2017,early_extinction_ANOVA_cue_type_main_effect;early_extinction_ANOVA_trial_number_main_effect;late_extinction_ANOVA_trial_number_main_effect;control_difference_between_trials_1_and_2_of_extinction;group_extinction_group_main_effect;late_extinction_group_main_effect;late_extinction_group_x_cue_type_interaction,7,1
443,zuj2017,early_extinction_ANOVA_cue_type_main_effect;early_extinction_ANOVA_trial_number_main_effect;late_extinction_ANOVA_trial_number_main_effect;control_difference_between_trials_1_and_2_of_extinction;group_extinction_group_main_effect;late_extinction_group_main_effect;late_extinction_group_x_cue_type_interaction;PTSD_difference_between_trials_1_and_2_of_extinction,8,1
444,zuj2017,early_extinction_ANOVA_cue_type_main_effect;early_extinction_ANOVA_trial_number_main_effect;late_extinction_ANOVA_trial_number_main_effect;control_difference_between_trials_1_and_2_of_extinction;PTSD_difference_between_trials_2_and_3_of_extinction;acquisition_ANOVA_group_main_effect;group_extinction_group_main_effect;late_extinction_cue_type_main_effect,8,1
445,zuj2017,early_extinction_ANOVA_cue_type_main_effect;early_extinction_ANOVA_trial_number_main_effect;late_extinction_ANOVA_trial_number_main_effect;control_difference_between_trials_1_and_2_of_extinction;PTSD_difference_between_trials_2_and_3_of_extinction;acquisition_ANOVA_group_main_effect;group_extinction_group_main_effect;late_extinction_group_main_effect,8,1
446,zuj2017,early_extinction_ANOVA_cue_type_main_effect;early_extinction_ANOVA_trial_number_main_effect;late_extinction_ANOVA_trial_number_main_effect;control_difference_between_trials_1_and_2_of_extinction;PTSD_difference_between_trials_2_and_3_of_extinction;acquisition_ANOVA_group_main_effect;group_extinction_group_main_effect;late_extinction_group_x_cue_type_interaction,8,1
447,zuj2017,early_extinction_ANOVA_cue_type_main_effect;early_extinction_ANOVA_trial_number_main_effect;late_extinction_ANOVA_trial_number_main_effect;control_difference_between_trials_1_and_2_of_extinction;PTSD_difference_between_trials_2_and_3_of_extinction;acquisition_ANOVA_group_main_effect;late_extinction_group_main_effect;late_extinction_cue_type_main_effect;late_extinction_group_x_cue_type_interaction;control_difference_between_trials_2_and_3_of_extinction,10,1
448,zuj2017,early_extinction_ANOVA_cue_type_main_effect;early_extinction_ANOVA_trial_number_main_effect;late_extinction_ANOVA_trial_number_main_effect;control_difference_between_trials_1_and_2_of_extinction;PTSD_difference_between_trials_2_and_3_of_extinction;acquisition_ANOVA_group_main_effect;late_extinction_group_main_effect;late_extinction_group_x_cue_type_interaction;PTSD_difference_between_trials_1_and_2_of_extinction;control_difference_between_trials_2_and_3_of_extinction,10,1
449,zuj2017,early_extinction_ANOVA_cue_type_main_effect;early_extinction_ANOVA_trial_number_main_effect;late_extinction_ANOVA_trial_number_main_effect;control_difference_between_trials_1_and_2_of_extinction;PTSD_difference_between_trials_2_and_3_of_extinction;group_extinction_group_main_effect;late_extinction_group_main_effect;late_extinction_group_x_cue_type_interaction,8,1
450,zuj2017,early_extinction_ANOVA_cue_type_main_effect;early_extinction_ANOVA_trial_number_main_effect;late_extinction_ANOVA_trial_number_main_effect;control_difference_between_trials_1_and_2_of_extinction;PTSD_difference_between_trials_2_and_3_of_extinction;group_extinction_group_main_effect;late_extinction_group_main_effect;late_extinction_group_x_cue_type_interaction;PTSD_difference_between_trials_1_and_2_of_extinction,9,1
451,zuj2017,early_extinction_ANOVA_cue_type_main_effect;early_extinction_ANOVA_trial_number_main_effect;late_extinction_ANOVA_trial_number_main_effect;control_difference_between_trials_1_and_2_of_extinction;PTSD_difference_between_trials_2_and_3_of_extinction;late_extinction_cue_type_main_effect;late_extinction_group_x_cue_type_interaction;control_difference_between_trials_2_and_3_of_extinction,8,1
452,zuj2017,early_extinction_ANOVA_cue_type_main_effect;early_extinction_ANOVA_trial_number_main_effect;late_extinction_ANOVA_trial_number_main_effect;group_extinction_group_main_effect;late_extinction_group_main_effect;late_extinction_group_x_cue_type_interaction,6,1
453,zuj2017,early_extinction_ANOVA_cue_type_main_effect;early_extinction_ANOVA_trial_number_main_effect;late_extinction_ANOVA_trial_number_main_effect;PTSD_difference_between_trials_2_and_3_of_extinction;acquisition_ANOVA_group_main_effect;group_extinction_group_main_effect;late_extinction_group_main_effect;PTSD_difference_between_trials_1_and_2_of_extinction,8,1
454,zuj2017,early_extinction_ANOVA_cue_type_main_effect;early_extinction_ANOVA_trial_number_main_effect;late_extinction_ANOVA_trial_number_main_effect;PTSD_difference_between_trials_2_and_3_of_extinction;acquisition_ANOVA_group_main_effect;late_extinction_group_main_effect;late_extinction_cue_type_main_effect;late_extinction_group_x_cue_type_interaction;control_difference_between_trials_2_and_3_of_extinction,9,1
455,zuj2017,early_extinction_ANOVA_cue_type_main_effect;early_extinction_ANOVA_trial_number_main_effect;late_extinction_ANOVA_trial_number_main_effect;PTSD_difference_between_trials_2_and_3_of_extinction;group_extinction_group_main_effect;late_extinction_group_main_effect;late_extinction_cue_type_main_effect;late_extinction_group_x_cue_type_interaction;PTSD_difference_between_trials_1_and_2_of_extinction,9,1
456,zuj2017,early_extinction_ANOVA_cue_type_main_effect;early_extinction_ANOVA_trial_number_main_effect;late_extinction_group_main_effect;late_extinction_cue_type_main_effect;late_extinction_group_x_cue_type_interaction,5,1
457,zuj2017,early_extinction_ANOVA_cue_type_main_effect;early_extinction_ANOVA_trial_number_main_effect;PTSD_difference_between_trials_2_and_3_of_extinction;acquisition_ANOVA_group_main_effect;group_extinction_group_main_effect;late_extinction_group_main_effect,6,1
458,zuj2017,early_extinction_ANOVA_cue_type_main_effect;early_extinction_ANOVA_trial_number_main_effect;PTSD_difference_between_trials_2_and_3_of_extinction;acquisition_ANOVA_group_main_effect;group_extinction_group_main_effect;late_extinction_group_main_effect;late_extinction_cue_type_main_effect;PTSD_difference_between_trials_1_and_2_of_extinction,8,1
459,zuj2017,early_extinction_ANOVA_cue_type_main_effect;early_extinction_ANOVA_trial_number_main_effect;PTSD_difference_between_trials_2_and_3_of_extinction;acquisition_ANOVA_group_main_effect;group_extinction_group_main_effect;late_extinction_group_main_effect;PTSD_difference_between_trials_1_and_2_of_extinction,7,1
460,zuj2017,early_extinction_ANOVA_cue_type_main_effect;early_extinction_ANOVA_trial_number_main_effect;PTSD_difference_between_trials_2_and_3_of_extinction;acquisition_ANOVA_group_main_effect;late_extinction_group_main_effect;late_extinction_cue_type_main_effect;late_extinction_group_x_cue_type_interaction;PTSD_difference_between_trials_1_and_2_of_extinction,8,1
